dt,CRAH-2DH2.1-SUPPLY_AIR_HUMIDITY,CRAH-2DH2.1-COIL_INLET,CRAH-2DH2.1-RETURN_AIR_HUMIDITY,CRAH-2DH2.1-COIL_OUTLET,CRAH-2DH2.1-RETURN_AIR_TEMP,CRAH-2DH2.1-SUPPLY_AIR_TEMP,CRAH-2DH2.1-GENERAL_ALARM,CRAH-2DH2.1-WATER_VALVE_FEEDBACK_OPEN,CRAH-2DH2.1-WATER_FLOW,CRAH-2DH2.1-COOLING_CAPACITY,CRAH-2DH2.1-WATER_VALVE_COMMAND,CRAH-2DH2.1-AIR_DAMPER_FEEDBACK_1,CRAH-2DH2.1-AIR_DAMPER_FEEDBACK_2,CRAH-2DH2.1-FAN_STATE,CRAH-2DH2.1-MODE,CRAH-2DH2.1-CLOGGED_AIR_FILTER,CRAH-2DH2.1-EC_FAN_FAULT,CRAH-2DH2.1-EC_FAN_FAULT_2,CRAH-2DH2.1-EC_FAN_FAULT_3,CRAH-2DH2.1-EC_FAN_FAULT_4,CRAH-2DH2.1-MASTER_UNIT_COMMLOSS,CRAH-2DH2.1-RETURN_AIR_TEMP_HIGH,CRAH-2DH2.1-RETURN_LOW_HUMIDITY,CRAH-2DH2.1-SUPPLY_AIR_TEMP_HIGH,CRAH-2DH2.1-SUPPLY_LOW_HUMIDITY,CRAH-2DH2.1-SYSTEM_STATUS,CRAH-2DH2.1-WATER_UNDER_FLOOR,CRAH-2DH2.1-FAN_SPEED,CRAH-2DH2.1-HUMIDITY_SETPOINT,CRAH-2DH2.1-TEMP_SETPOINT,sc,kmeans
2026-07-08 01:20:01.001000+00:00,54.0,19.8,49.9,20.0,20.9,19.6,0.0,0.0,0.0,0.0,0.0,0.0,0.0,0.0,0.0,0.0,0.0,0.0,0.0,0.0,0.0,0.0,0.0,0.0,0.0,1.0,0.0,0.0,50.0,22.0,Cluster 0,Cluster 0
2026-07-02 21:10:00.001000+00:00,53.3,20.4,49.9,20.7,21.3,20.2,0.0,0.0,0.0,0.0,0.0,0.0,0.0,0.0,0.0,0.0,0.0,0.0,0.0,0.0,0.0,0.0,0.0,0.0,0.0,1.0,0.0,0.0,50.0,22.0,Cluster 0,Cluster 1
2026-07-17 22:20:00.001000+00:00,54.4,20.9,50.9,21.2,21.6,20.5,0.0,0.0,0.0,0.0,0.0,0.0,0.0,0.0,0.0,0.0,0.0,0.0,0.0,0.0,0.0,0.0,0.0,0.0,0.0,1.0,0.0,0.0,50.0,22.0,Cluster 0,Cluster 1
2026-07-17 19:25:00.001000+00:00,53.2,20.7,49.8,21.1,21.6,20.5,0.0,0.0,0.0,0.0,0.0,0.0,0.0,0.0,0.0,0.0,0.0,0.0,0.0,0.0,0.0,0.0,0.0,0.0,0.0,1.0,0.0,0.0,50.0,22.0,Cluster 0,Cluster 1
2026-07-09 20:10:00.001000+00:00,53.7,19.5,50.0,19.8,20.8,19.6,0.0,0.0,0.0,0.0,0.0,0.0,0.0,0.0,0.0,0.0,0.0,0.0,0.0,0.0,0.0,0.0,0.0,0.0,0.0,1.0,0.0,0.0,50.0,22.0,Cluster 0,Cluster 0
2026-07-19 21:25:00.001000+00:00,51.8,20.1,48.8,20.4,21.0,20.0,0.0,0.0,0.0,0.0,0.0,0.0,0.0,0.0,0.0,0.0,0.0,0.0,0.0,0.0,0.0,0.0,0.0,0.0,0.0,1.0,0.0,0.0,50.0,22.0,Cluster 0,Cluster 1
2026-07-18 07:00:00.001000+00:00,51.0,17.7,50.8,19.8,20.2,20.2,0.0,0.0,0.0,0.0,0.0,0.0,0.0,0.0,0.0,0.0,0.0,0.0,0.0,0.0,0.0,0.0,0.0,0.0,0.0,1.0,0.0,0.0,50.0,22.0,Cluster 0,Cluster 0
2026-07-11 00:50:00.001000+00:00,52.4,19.7,49.0,19.9,20.7,19.6,0.0,0.0,0.0,0.0,0.0,0.0,0.0,0.0,0.0,0.0,0.0,0.0,0.0,0.0,0.0,0.0,0.0,0.0,0.0,1.0,0.0,0.0,50.0,22.0,Cluster 0,Cluster 0
2026-07-14 01:45:00.001000+00:00,48.8,21.1,45.7,21.2,21.6,20.5,0.0,0.0,0.0,0.0,0.0,0.0,0.0,0.0,0.0,0.0,0.0,0.0,0.0,0.0,0.0,0.0,0.0,0.0,0.0,1.0,0.0,0.0,50.0,22.0,Cluster 0,Cluster 1
2026-07-07 15:30:01.001000+00:00,52.7,19.2,50.0,19.8,20.7,19.8,0.0,0.0,0.0,0.0,0.0,0.0,0.0,0.0,0.0,0.0,0.0,0.0,0.0,0.0,0.0,0.0,0.0,0.0,0.0,1.0,0.0,0.0,50.0,22.0,Cluster 0,Cluster 0
2026-07-09 01:30:01.001000+00:00,53.7,19.8,49.9,20.0,20.8,19.6,0.0,0.0,0.0,0.0,0.0,0.0,0.0,0.0,0.0,0.0,0.0,0.0,0.0,0.0,0.0,0.0,0.0,0.0,0.0,1.0,0.0,0.0,50.0,22.0,Cluster 0,Cluster 0
2026-07-03 09:00:01.001000+00:00,49.3,18.5,48.8,20.0,20.6,20.4,0.0,0.0,0.0,0.0,0.0,0.0,0.0,0.0,0.0,0.0,0.0,0.0,0.0,0.0,0.0,0.0,0.0,0.0,0.0,1.0,0.0,0.0,50.0,22.0,Cluster 0,Cluster 1
2026-07-12 19:10:01.001000+00:00,50.6,19.6,48.3,20.7,21.3,20.5,0.0,0.0,0.0,0.0,0.0,0.0,0.0,0.0,0.0,0.0,0.0,0.0,0.0,0.0,0.0,0.0,0.0,0.0,0.0,1.0,0.0,0.0,50.0,22.0,Cluster 0,Cluster 1
2026-07-14 22:40:00.001000+00:00,52.1,20.9,48.8,21.2,21.6,20.5,0.0,0.0,0.0,0.0,0.0,0.0,0.0,0.0,0.0,0.0,0.0,0.0,0.0,0.0,0.0,0.0,0.0,0.0,0.0,1.0,0.0,0.0,50.0,22.0,Cluster 0,Cluster 1
2026-07-19 03:40:01.001000+00:00,52.9,20.4,49.8,20.6,21.1,20.1,0.0,9.6,30.0,0.0,0.0,0.0,0.0,0.0,0.0,0.0,0.0,0.0,0.0,0.0,0.0,0.0,0.0,0.0,0.0,1.0,0.0,0.0,50.0,22.0,Cluster 0,Cluster 1
2026-07-19 02:55:00.001000+00:00,52.7,20.4,49.6,20.6,21.1,20.1,0.0,0.0,0.0,0.0,0.0,0.0,0.0,0.0,0.0,0.0,0.0,0.0,0.0,0.0,0.0,0.0,0.0,0.0,0.0,1.0,0.0,0.0,50.0,22.0,Cluster 0,Cluster 1
2026-07-04 09:20:01.001000+00:00,50.1,18.6,49.0,20.1,20.7,20.3,0.0,0.0,0.0,0.0,0.0,0.0,0.0,0.0,0.0,0.0,0.0,0.0,0.0,0.0,0.0,0.0,0.0,0.0,0.0,1.0,0.0,0.0,50.0,22.0,Cluster 0,Cluster 1
2026-07-21 14:30:02.001000+00:00,52.1,19.3,50.3,20.0,20.8,20.2,0.0,0.0,0.0,0.0,0.0,0.0,0.0,0.0,0.0,0.0,0.0,0.0,0.0,0.0,0.0,0.0,0.0,0.0,0.0,1.0,0.0,0.0,50.0,22.0,Cluster 0,Cluster 0
2026-07-03 15:10:00.001000+00:00,52.2,19.8,48.8,20.4,21.1,20.0,0.0,0.0,0.0,0.0,0.0,0.0,0.0,0.0,0.0,0.0,0.0,0.0,0.0,0.0,0.0,0.0,0.0,0.0,0.0,1.0,0.0,0.0,50.0,22.0,Cluster 0,Cluster 1
2026-07-04 02:35:01.001000+00:00,52.9,20.6,49.8,20.8,21.3,20.3,0.0,0.0,0.0,0.0,0.0,0.0,0.0,0.0,0.0,0.0,0.0,0.0,0.0,0.0,0.0,0.0,0.0,0.0,0.0,1.0,0.0,0.0,50.0,22.0,Cluster 0,Cluster 1
2026-07-17 15:20:00.001000+00:00,51.4,20.2,47.8,20.9,21.5,20.3,0.0,0.0,0.0,0.0,0.0,0.0,0.0,0.0,0.0,0.0,0.0,0.0,0.0,0.0,0.0,0.0,0.0,0.0,0.0,1.0,0.0,0.0,50.0,22.0,Cluster 0,Cluster 1
2026-07-05 00:05:01.001000+00:00,54.1,20.6,50.3,20.8,21.3,20.1,0.0,0.0,0.0,0.0,0.0,0.0,0.0,0.0,0.0,0.0,0.0,0.0,0.0,0.0,0.0,0.0,0.0,0.0,0.0,1.0,0.0,0.0,50.0,22.0,Cluster 0,Cluster 1
2026-07-14 10:50:01.001000+00:00,48.2,19.2,46.8,20.5,21.1,20.6,0.0,0.0,0.0,0.0,0.0,0.0,0.0,0.0,0.0,0.0,0.0,0.0,0.0,0.0,0.0,0.0,0.0,0.0,0.0,1.0,0.0,0.0,50.0,22.0,Cluster 0,Cluster 1
2026-07-08 00:50:00.001000+00:00,53.0,19.8,49.0,20.0,20.9,19.6,0.0,0.0,0.0,0.0,0.0,0.0,0.0,0.0,0.0,0.0,0.0,0.0,0.0,0.0,0.0,0.0,0.0,0.0,0.0,1.0,0.0,0.0,50.0,22.0,Cluster 0,Cluster 0
2026-07-01 12:50:01.001000+00:00,51.0,19.5,48.0,20.4,21.0,20.0,0.0,0.0,0.0,0.0,0.0,0.0,0.0,0.0,0.0,0.0,0.0,0.0,0.0,0.0,0.0,0.0,0.0,0.0,0.0,1.0,0.0,0.0,50.0,22.0,Cluster 0,Cluster 1
2026-07-03 00:10:00.001000+00:00,53.7,20.6,50.0,20.8,21.3,20.2,0.0,0.0,0.0,0.0,0.0,0.0,0.0,0.0,0.0,0.0,0.0,0.0,0.0,0.0,0.0,0.0,0.0,0.0,0.0,1.0,0.0,0.0,50.0,22.0,Cluster 0,Cluster 1
2026-07-22 04:15:00.001000+00:00,52.9,16.5,53.0,19.9,20.1,20.1,0.0,0.0,0.0,0.0,0.0,0.0,0.0,0.0,0.0,0.0,0.0,0.0,0.0,0.0,0.0,0.0,0.0,0.0,0.0,1.0,0.0,0.0,50.0,22.0,Cluster 0,Cluster 0
2026-07-21 15:25:02.001000+00:00,52.1,19.4,50.0,20.1,20.9,20.2,0.0,0.0,0.0,0.0,0.0,0.0,0.0,0.0,0.0,0.0,0.0,0.0,0.0,0.0,0.0,0.0,0.0,0.0,0.0,1.0,0.0,0.0,50.0,22.0,Cluster 0,Cluster 1
2026-07-13 01:00:00.001000+00:00,49.7,20.5,46.8,21.0,21.5,20.5,0.0,0.0,0.0,0.0,0.0,0.0,0.0,0.0,0.0,0.0,0.0,0.0,0.0,0.0,0.0,0.0,0.0,0.0,0.0,1.0,0.0,0.0,50.0,22.0,Cluster 0,Cluster 1
2026-07-11 20:30:00.001000+00:00,53.1,19.5,50.0,19.8,20.7,19.7,0.0,0.0,0.0,0.0,0.0,0.0,0.0,0.0,0.0,0.0,0.0,0.0,0.0,0.0,0.0,0.0,0.0,0.0,0.0,1.0,0.0,0.0,50.0,22.0,Cluster 0,Cluster 0
2026-07-13 05:30:00.001000+00:00,48.4,17.2,50.0,19.9,20.1,20.6,0.0,0.0,0.0,0.0,0.0,0.0,0.0,0.0,0.0,0.0,0.0,0.0,0.0,0.0,0.0,0.0,0.0,0.0,0.0,1.0,0.0,0.0,50.0,22.0,Cluster 0,Cluster 0
2026-07-10 09:30:01.001000+00:00,51.1,18.1,49.0,19.4,20.3,19.6,0.0,0.0,0.0,0.0,0.0,0.0,0.0,0.0,0.0,0.0,0.0,0.0,0.0,0.0,0.0,0.0,0.0,0.0,0.0,1.0,0.0,0.0,50.0,22.0,Cluster 0,Cluster 0
2026-07-22 09:45:00.001000+00:00,52.0,18.4,50.8,19.9,20.6,20.1,0.0,0.0,0.0,0.0,0.0,0.0,0.0,0.0,0.0,0.0,0.0,0.0,0.0,0.0,0.0,0.0,0.0,0.0,0.0,1.0,0.0,0.0,50.0,22.0,Cluster 0,Cluster 0
2026-07-09 13:20:02.001000+00:00,52.3,18.8,49.9,19.6,20.6,19.8,0.0,0.0,0.0,0.0,0.0,0.0,0.0,0.0,0.0,0.0,0.0,0.0,0.0,0.0,0.0,0.0,0.0,0.0,0.0,1.0,0.0,0.0,50.0,22.0,Cluster 0,Cluster 0
2026-07-12 07:25:01.001000+00:00,51.8,16.1,48.8,20.2,20.6,19.7,0.0,9.4,35.0,10.0,10.0,1.0,1.0,1.0,1.0,0.0,0.0,0.0,0.0,0.0,0.0,0.0,0.0,0.0,0.0,1.0,0.0,40.0,50.0,22.0,Cluster 1,Cluster 0
2026-07-10 14:30:00.001000+00:00,53.0,18.9,49.9,19.6,20.5,19.5,0.0,0.0,0.0,0.0,0.0,0.0,0.0,0.0,0.0,0.0,0.0,0.0,0.0,0.0,0.0,0.0,0.0,0.0,0.0,1.0,0.0,0.0,50.0,22.0,Cluster 0,Cluster 0
2026-07-04 10:25:01.001000+00:00,50.1,18.9,48.7,20.2,20.8,20.3,0.0,0.0,0.0,0.0,0.0,0.0,0.0,0.0,0.0,0.0,0.0,0.0,0.0,0.0,0.0,0.0,0.0,0.0,0.0,1.0,0.0,0.0,50.0,22.0,Cluster 0,Cluster 1
2026-07-15 12:40:00.001000+00:00,49.5,19.6,46.6,20.7,21.3,20.3,0.0,0.0,0.0,0.0,0.0,0.0,0.0,0.0,0.0,0.0,0.0,0.0,0.0,0.0,0.0,0.0,0.0,0.0,0.0,1.0,0.0,0.0,50.0,22.0,Cluster 0,Cluster 1
2026-07-18 12:55:02.001000+00:00,53.0,19.2,50.8,20.1,20.8,20.1,0.0,0.0,0.0,0.0,0.0,0.0,0.0,0.0,0.0,0.0,0.0,0.0,0.0,0.0,0.0,0.0,0.0,0.0,0.0,1.0,0.0,0.0,50.0,22.0,Cluster 0,Cluster 0
2026-07-05 20:50:01.001000+00:00,53.8,19.6,50.5,20.0,20.8,19.7,0.0,0.0,0.0,0.0,0.0,0.0,0.0,0.0,0.0,0.0,0.0,0.0,0.0,0.0,0.0,0.0,0.0,0.0,0.0,1.0,0.0,0.0,50.0,22.0,Cluster 0,Cluster 0
2026-07-07 14:30:01.001000+00:00,53.3,19.1,50.5,19.7,20.7,19.8,0.0,0.0,0.0,0.0,0.0,0.0,0.0,0.0,0.0,0.0,0.0,0.0,0.0,0.0,0.0,0.0,0.0,0.0,0.0,1.0,0.0,0.0,50.0,22.0,Cluster 0,Cluster 0
2026-07-07 08:55:01.001000+00:00,52.1,18.1,50.0,19.5,20.4,19.7,0.0,0.0,0.0,0.0,0.0,0.0,0.0,0.0,0.0,0.0,0.0,0.0,0.0,0.0,0.0,0.0,0.0,0.0,0.0,1.0,0.0,0.0,50.0,22.0,Cluster 0,Cluster 0
2026-07-09 12:10:01.001000+00:00,51.3,18.6,48.9,19.5,20.5,19.7,0.0,0.0,0.0,0.0,0.0,0.0,0.0,0.0,0.0,0.0,0.0,0.0,0.0,0.0,0.0,0.0,0.0,0.0,0.0,1.0,0.0,0.0,50.0,22.0,Cluster 0,Cluster 0
2026-07-18 04:35:00.001000+00:00,52.0,16.7,52.4,19.8,20.0,20.1,0.0,0.0,0.0,0.0,0.0,0.0,0.0,0.0,0.0,0.0,0.0,0.0,0.0,0.0,0.0,0.0,0.0,0.0,0.0,1.0,0.0,0.0,50.0,22.0,Cluster 0,Cluster 0
2026-07-03 06:25:01.001000+00:00,51.6,17.6,51.9,19.7,20.2,20.3,0.0,0.0,0.0,0.0,0.0,0.0,0.0,0.0,0.0,0.0,0.0,0.0,0.0,0.0,0.0,0.0,0.0,0.0,0.0,1.0,0.0,0.0,50.0,22.0,Cluster 0,Cluster 0
2026-07-09 08:30:00.001000+00:00,51.4,17.8,49.5,19.3,20.2,19.6,0.0,0.0,0.0,0.0,0.0,0.0,0.0,0.0,0.0,0.0,0.0,0.0,0.0,0.0,0.0,0.0,0.0,0.0,0.0,1.0,0.0,0.0,50.0,22.0,Cluster 0,Cluster 0
2026-07-09 11:35:01.001000+00:00,51.4,18.5,49.0,19.4,20.5,19.7,0.0,0.0,0.0,0.0,0.0,0.0,0.0,0.0,0.0,0.0,0.0,0.0,0.0,0.0,0.0,0.0,0.0,0.0,0.0,1.0,0.0,0.0,50.0,22.0,Cluster 0,Cluster 0
2026-07-08 03:25:00.001000+00:00,53.6,19.9,49.9,20.0,20.9,19.7,0.0,0.0,0.0,0.0,0.0,0.0,0.0,0.0,0.0,0.0,0.0,0.0,0.0,0.0,0.0,0.0,0.0,0.0,0.0,1.0,0.0,0.0,50.0,22.0,Cluster 0,Cluster 0
2026-07-22 03:00:00.001000+00:00,53.7,20.5,50.3,20.6,21.2,20.1,0.0,0.0,0.0,0.0,0.0,0.0,0.0,0.0,0.0,0.0,0.0,0.0,0.0,0.0,0.0,0.0,0.0,0.0,0.0,1.0,0.0,0.0,50.0,22.0,Cluster 0,Cluster 1
2026-07-20 09:35:00.001000+00:00,52.7,18.3,50.8,19.8,20.4,19.8,0.0,0.0,0.0,0.0,0.0,0.0,0.0,0.0,0.0,0.0,0.0,0.0,0.0,0.0,0.0,0.0,0.0,0.0,0.0,1.0,0.0,0.0,50.0,22.0,Cluster 0,Cluster 0
2026-07-06 02:20:01.001000+00:00,53.8,19.9,50.0,20.0,20.9,19.7,0.0,0.0,0.0,0.0,0.0,0.0,0.0,0.0,0.0,0.0,0.0,0.0,0.0,0.0,0.0,0.0,0.0,0.0,0.0,1.0,0.0,0.0,50.0,22.0,Cluster 0,Cluster 0
2026-07-19 08:50:01.001000+00:00,50.8,18.2,49.9,19.8,20.4,20.1,0.0,0.0,0.0,0.0,0.0,0.0,0.0,0.0,0.0,0.0,0.0,0.0,0.0,0.0,0.0,0.0,0.0,0.0,0.0,1.0,0.0,0.0,50.0,22.0,Cluster 0,Cluster 0
2026-07-10 20:30:01.001000+00:00,53.4,19.4,50.0,19.7,20.7,19.6,0.0,0.0,0.0,0.0,0.0,0.0,0.0,0.0,0.0,0.0,0.0,0.0,0.0,0.0,0.0,0.0,0.0,0.0,0.0,1.0,0.0,0.0,50.0,22.0,Cluster 0,Cluster 0
2026-07-04 02:40:00.001000+00:00,52.9,20.7,49.7,20.8,21.3,20.3,0.0,0.0,0.0,0.0,0.0,0.0,0.0,0.0,0.0,0.0,0.0,0.0,0.0,0.0,0.0,0.0,0.0,0.0,0.0,1.0,0.0,0.0,50.0,22.0,Cluster 0,Cluster 1
2026-07-10 05:20:01.001000+00:00,53.2,16.8,52.7,19.3,19.7,19.5,0.0,0.0,0.0,0.0,0.0,0.0,0.0,0.0,0.0,0.0,0.0,0.0,0.0,0.0,0.0,0.0,0.0,0.0,0.0,1.0,0.0,0.0,50.0,22.0,Cluster 0,Cluster 0
2026-07-06 17:15:00.001000+00:00,53.7,19.4,50.0,19.8,20.7,19.5,0.0,0.0,0.0,0.0,0.0,0.0,0.0,0.0,0.0,0.0,0.0,0.0,0.0,0.0,0.0,0.0,0.0,0.0,0.0,1.0,0.0,0.0,50.0,22.0,Cluster 0,Cluster 0
2026-07-06 19:50:01.001000+00:00,53.8,19.6,50.4,19.9,20.8,19.7,0.0,0.0,0.0,0.0,0.0,0.0,0.0,0.0,0.0,0.0,0.0,0.0,0.0,0.0,0.0,0.0,0.0,0.0,0.0,1.0,0.0,0.0,50.0,22.0,Cluster 0,Cluster 0
2026-07-15 14:45:00.001000+00:00,50.9,20.1,47.6,20.8,21.4,20.3,0.0,0.0,0.0,0.0,0.0,0.0,0.0,0.0,0.0,0.0,0.0,0.0,0.0,0.0,0.0,0.0,0.0,0.0,0.0,1.0,0.0,0.0,50.0,22.0,Cluster 0,Cluster 1
2026-07-22 00:30:02.001000+00:00,53.0,20.4,49.3,20.6,21.2,20.1,0.0,0.0,0.0,0.0,0.0,0.0,0.0,0.0,0.0,0.0,0.0,0.0,0.0,0.0,0.0,0.0,0.0,0.0,0.0,1.0,0.0,0.0,50.0,22.0,Cluster 0,Cluster 1
2026-07-19 19:20:00.001000+00:00,53.9,19.9,50.7,20.3,21.0,20.0,0.0,0.0,0.0,0.0,0.0,0.0,0.0,0.0,0.0,0.0,0.0,0.0,0.0,0.0,0.0,0.0,0.0,0.0,0.0,1.0,0.0,0.0,50.0,22.0,Cluster 0,Cluster 0
2026-07-04 19:10:01.001000+00:00,51.9,20.2,48.9,20.6,21.2,20.3,0.0,0.0,0.0,0.0,0.0,0.0,0.0,0.0,0.0,0.0,0.0,0.0,0.0,0.0,0.0,0.0,0.0,0.0,0.0,1.0,0.0,0.0,50.0,22.0,Cluster 0,Cluster 1
2026-07-18 04:30:00.001000+00:00,52.0,16.6,52.3,19.8,20.0,20.1,0.0,0.0,0.0,0.0,0.0,0.0,0.0,0.0,0.0,0.0,0.0,0.0,0.0,0.0,0.0,0.0,0.0,0.0,0.0,1.0,0.0,0.0,50.0,22.0,Cluster 0,Cluster 0
2026-07-03 05:30:00.001000+00:00,51.9,17.3,53.1,19.7,20.0,20.3,0.0,0.0,0.0,0.0,0.0,0.0,0.0,0.0,0.0,0.0,0.0,0.0,0.0,0.0,0.0,0.0,0.0,0.0,0.0,1.0,0.0,0.0,50.0,22.0,Cluster 0,Cluster 0
2026-07-15 22:10:00.001000+00:00,52.3,20.9,48.7,21.1,21.6,20.4,0.0,0.0,0.0,0.0,0.0,0.0,0.0,0.0,0.0,0.0,0.0,0.0,0.0,0.0,0.0,0.0,0.0,0.0,0.0,1.0,0.0,0.0,50.0,22.0,Cluster 0,Cluster 1
2026-07-07 03:55:01.001000+00:00,52.9,16.4,52.0,19.5,20.0,19.7,0.0,0.0,0.0,0.0,0.0,0.0,0.0,0.0,0.0,0.0,0.0,0.0,0.0,0.0,0.0,0.0,0.0,0.0,0.0,1.0,0.0,0.0,50.0,22.0,Cluster 0,Cluster 0
2026-07-03 06:10:00.001000+00:00,52.1,17.5,52.5,19.7,20.1,20.3,0.0,0.0,0.0,0.0,0.0,0.0,0.0,0.0,0.0,0.0,0.0,0.0,0.0,0.0,0.0,0.0,0.0,0.0,0.0,1.0,0.0,0.0,50.0,22.0,Cluster 0,Cluster 0
2026-07-15 18:20:00.001000+00:00,50.2,20.5,46.7,21.0,21.6,20.4,0.0,0.0,0.0,0.0,0.0,0.0,0.0,0.0,0.0,0.0,0.0,0.0,0.0,0.0,0.0,0.0,0.0,0.0,0.0,1.0,0.0,0.0,50.0,22.0,Cluster 0,Cluster 1
2026-07-04 21:40:01.001000+00:00,53.1,20.4,49.9,20.7,21.3,20.3,0.0,0.0,0.0,0.0,0.0,0.0,0.0,0.0,0.0,0.0,0.0,0.0,0.0,0.0,0.0,0.0,0.0,0.0,0.0,1.0,0.0,0.0,50.0,22.0,Cluster 0,Cluster 1
2026-07-06 03:35:00.001000+00:00,52.2,16.3,49.7,19.6,20.5,19.7,0.0,0.0,0.0,0.0,0.0,0.0,0.0,0.0,0.0,0.0,0.0,0.0,0.0,0.0,0.0,0.0,0.0,0.0,0.0,1.0,0.0,0.0,50.0,22.0,Cluster 0,Cluster 0
2026-07-18 16:30:01.001000+00:00,52.5,19.7,50.0,20.3,21.0,20.2,0.0,0.0,0.0,0.0,0.0,0.0,0.0,0.0,0.0,0.0,0.0,0.0,0.0,0.0,0.0,0.0,0.0,0.0,0.0,1.0,0.0,0.0,50.0,22.0,Cluster 0,Cluster 1
2026-07-18 10:45:01.001000+00:00,51.3,18.8,49.8,20.0,20.7,20.2,0.0,0.0,0.0,0.0,0.0,0.0,0.0,0.0,0.0,0.0,0.0,0.0,0.0,0.0,0.0,0.0,0.0,0.0,0.0,1.0,0.0,0.0,50.0,22.0,Cluster 0,Cluster 0
2026-07-09 07:00:01.001000+00:00,50.8,17.4,50.0,19.2,19.9,19.6,0.0,0.0,0.0,0.0,0.0,0.0,0.0,0.0,0.0,0.0,0.0,0.0,0.0,0.0,0.0,0.0,0.0,0.0,0.0,1.0,0.0,0.0,50.0,22.0,Cluster 0,Cluster 0
2026-07-21 20:50:01.001000+00:00,53.4,20.1,50.6,20.4,21.1,20.2,0.0,0.0,0.0,0.0,0.0,0.0,0.0,0.0,0.0,0.0,0.0,0.0,0.0,0.0,0.0,0.0,0.0,0.0,0.0,1.0,0.0,0.0,50.0,22.0,Cluster 0,Cluster 1
2026-07-01 00:45:00.001000+00:00,52.7,20.7,49.6,20.8,21.3,20.3,0.0,0.0,0.0,0.0,0.0,0.0,0.0,0.0,0.0,0.0,0.0,0.0,0.0,0.0,0.0,0.0,0.0,0.0,0.0,1.0,0.0,0.0,50.0,22.0,Cluster 0,Cluster 1
2026-07-18 10:35:01.001000+00:00,51.3,18.7,49.8,20.0,20.7,20.2,0.0,0.0,0.0,0.0,0.0,0.0,0.0,0.0,0.0,0.0,0.0,0.0,0.0,0.0,0.0,0.0,0.0,0.0,0.0,1.0,0.0,0.0,50.0,22.0,Cluster 0,Cluster 0
2026-07-03 17:05:01.001000+00:00,52.4,20.0,48.7,20.5,21.2,20.0,0.0,0.0,0.0,0.0,0.0,0.0,0.0,0.0,0.0,0.0,0.0,0.0,0.0,0.0,0.0,0.0,0.0,0.0,0.0,1.0,0.0,0.0,50.0,22.0,Cluster 0,Cluster 1
2026-07-20 11:05:00.001000+00:00,51.5,18.6,49.7,19.9,20.5,19.9,0.0,0.0,0.0,0.0,0.0,0.0,0.0,0.0,0.0,0.0,0.0,0.0,0.0,0.0,0.0,0.0,0.0,0.0,0.0,1.0,0.0,0.0,50.0,22.0,Cluster 0,Cluster 0
2026-07-04 20:35:01.001000+00:00,53.0,20.3,49.9,20.7,21.2,20.2,0.0,0.0,0.0,0.0,0.0,0.0,0.0,0.0,0.0,0.0,0.0,0.0,0.0,0.0,0.0,0.0,0.0,0.0,0.0,1.0,0.0,0.0,50.0,22.0,Cluster 0,Cluster 1
2026-07-21 17:40:02.001000+00:00,52.0,19.7,49.9,20.3,21.0,20.3,0.0,0.0,0.0,0.0,0.0,0.0,0.0,0.0,0.0,0.0,0.0,0.0,0.0,0.0,0.0,0.0,0.0,0.0,0.0,1.0,0.0,0.0,50.0,22.0,Cluster 0,Cluster 1
2026-07-16 03:05:01.001000+00:00,48.7,21.1,45.6,21.3,21.6,20.5,0.0,0.0,0.0,0.0,0.0,0.0,0.0,0.0,0.0,0.0,0.0,0.0,0.0,0.0,0.0,0.0,0.0,0.0,0.0,1.0,0.0,0.0,50.0,22.0,Cluster 0,Cluster 1
2026-07-16 21:25:01.001000+00:00,52.0,20.9,48.7,21.2,21.6,20.5,0.0,0.0,0.0,0.0,0.0,0.0,0.0,0.0,0.0,0.0,0.0,0.0,0.0,0.0,0.0,0.0,0.0,0.0,0.0,1.0,0.0,0.0,50.0,22.0,Cluster 0,Cluster 1
2026-07-06 18:30:01.001000+00:00,53.3,19.5,49.9,19.8,20.8,19.7,0.0,0.0,0.0,0.0,0.0,0.0,0.0,0.0,0.0,0.0,0.0,0.0,0.0,0.0,0.0,0.0,0.0,0.0,0.0,1.0,0.0,0.0,50.0,22.0,Cluster 0,Cluster 0
2026-07-03 19:10:00.001000+00:00,52.3,20.2,48.9,20.6,21.3,20.2,0.0,0.0,0.0,0.0,0.0,0.0,0.0,0.0,0.0,0.0,0.0,0.0,0.0,0.0,0.0,0.0,0.0,0.0,0.0,1.0,0.0,0.0,50.0,22.0,Cluster 0,Cluster 1
2026-07-08 08:30:01.001000+00:00,51.3,18.0,49.5,19.5,20.3,19.7,0.0,0.0,0.0,0.0,0.0,0.0,0.0,0.0,0.0,0.0,0.0,0.0,0.0,0.0,0.0,0.0,0.0,0.0,0.0,1.0,0.0,0.0,50.0,22.0,Cluster 0,Cluster 0
2026-07-04 11:30:00.001000+00:00,49.6,19.2,47.9,20.2,20.9,20.3,0.0,0.0,0.0,0.0,0.0,0.0,0.0,0.0,0.0,0.0,0.0,0.0,0.0,0.0,0.0,0.0,0.0,0.0,0.0,1.0,0.0,0.0,50.0,22.0,Cluster 0,Cluster 1
2026-07-09 17:30:00.001000+00:00,53.3,19.3,49.9,19.7,20.7,19.6,0.0,0.0,0.0,0.0,0.0,0.0,0.0,0.0,0.0,0.0,0.0,0.0,0.0,0.0,0.0,0.0,0.0,0.0,0.0,1.0,0.0,0.0,50.0,22.0,Cluster 0,Cluster 0
2026-07-14 08:55:01.001000+00:00,49.5,18.6,48.7,20.3,20.8,20.5,0.0,0.0,0.0,0.0,0.0,0.0,0.0,0.0,0.0,0.0,0.0,0.0,0.0,0.0,0.0,0.0,0.0,0.0,0.0,1.0,0.0,0.0,50.0,22.0,Cluster 0,Cluster 1
2026-07-11 15:45:01.001000+00:00,53.0,19.0,49.9,19.6,20.6,19.6,0.0,0.0,0.0,0.0,0.0,0.0,0.0,0.0,0.0,0.0,0.0,0.0,0.0,0.0,0.0,0.0,0.0,0.0,0.0,1.0,0.0,0.0,50.0,22.0,Cluster 0,Cluster 0
2026-07-02 18:30:01.001000+00:00,51.2,20.2,47.9,20.6,21.3,20.2,0.0,0.0,0.0,0.0,0.0,0.0,0.0,0.0,0.0,0.0,0.0,0.0,0.0,0.0,0.0,0.0,0.0,0.0,0.0,1.0,0.0,0.0,50.0,22.0,Cluster 0,Cluster 1
2026-07-13 01:35:00.001000+00:00,48.6,20.6,45.8,21.0,21.5,20.5,0.0,0.0,0.0,0.0,0.0,0.0,0.0,0.0,0.0,0.0,0.0,0.0,0.0,0.0,0.0,0.0,0.0,0.0,0.0,1.0,0.0,0.0,50.0,22.0,Cluster 0,Cluster 1
2026-07-06 16:15:01.001000+00:00,53.4,19.3,50.0,19.8,20.7,19.6,0.0,0.0,0.0,0.0,0.0,0.0,0.0,0.0,0.0,0.0,0.0,0.0,0.0,0.0,0.0,0.0,0.0,0.0,0.0,1.0,0.0,0.0,50.0,22.0,Cluster 0,Cluster 0
2026-07-07 22:30:01.001000+00:00,54.5,19.7,50.4,20.0,20.9,19.6,0.0,0.0,0.0,0.0,0.0,0.0,0.0,0.0,0.0,0.0,0.0,0.0,0.0,0.0,0.0,0.0,0.0,0.0,0.0,1.0,0.0,0.0,50.0,22.0,Cluster 0,Cluster 0
2026-07-10 14:25:01.001000+00:00,53.0,18.9,49.9,19.6,20.5,19.5,0.0,0.0,0.0,0.0,0.0,0.0,0.0,0.0,0.0,0.0,0.0,0.0,0.0,0.0,0.0,0.0,0.0,0.0,0.0,1.0,0.0,0.0,50.0,22.0,Cluster 0,Cluster 0
2026-07-01 21:25:02.001000+00:00,53.3,20.4,49.9,20.7,21.3,20.2,0.0,0.0,0.0,0.0,0.0,0.0,0.0,0.0,0.0,0.0,0.0,0.0,0.0,0.0,0.0,0.0,0.0,0.0,0.0,1.0,0.0,0.0,50.0,22.0,Cluster 0,Cluster 1
2026-07-21 09:35:02.001000+00:00,52.2,18.3,50.7,19.8,20.4,19.9,0.0,0.0,0.0,0.0,0.0,0.0,0.0,0.0,0.0,0.0,0.0,0.0,0.0,0.0,0.0,0.0,0.0,0.0,0.0,1.0,0.0,0.0,50.0,22.0,Cluster 0,Cluster 0
2026-07-21 12:15:01.001000+00:00,51.3,18.8,49.8,20.0,20.6,20.1,0.0,0.0,0.0,0.0,0.0,0.0,0.0,0.0,0.0,0.0,0.0,0.0,0.0,0.0,0.0,0.0,0.0,0.0,0.0,1.0,0.0,0.0,50.0,22.0,Cluster 0,Cluster 0
2026-07-22 15:25:00.001000+00:00,52.0,19.5,49.9,20.2,21.0,20.3,0.0,0.0,0.0,0.0,0.0,0.0,0.0,0.0,0.0,0.0,0.0,0.0,0.0,0.0,0.0,0.0,0.0,0.0,0.0,1.0,0.0,0.0,50.0,22.0,Cluster 0,Cluster 1
2026-07-15 17:35:00.001000+00:00,50.7,20.5,46.9,21.0,21.5,20.2,0.0,0.0,0.0,0.0,0.0,0.0,0.0,0.0,0.0,0.0,0.0,0.0,0.0,0.0,0.0,0.0,0.0,0.0,0.0,1.0,0.0,0.0,50.0,22.0,Cluster 0,Cluster 1
2026-07-02 07:00:00.001000+00:00,50.2,17.9,50.3,19.9,20.3,20.3,0.0,0.0,0.0,0.0,0.0,0.0,0.0,0.0,0.0,0.0,0.0,0.0,0.0,0.0,0.0,0.0,0.0,0.0,0.0,1.0,0.0,0.0,50.0,22.0,Cluster 0,Cluster 0
2026-07-05 22:10:00.001000+00:00,53.8,19.7,50.4,20.0,20.8,19.7,0.0,0.0,0.0,0.0,0.0,0.0,0.0,0.0,0.0,0.0,0.0,0.0,0.0,0.0,0.0,0.0,0.0,0.0,0.0,1.0,0.0,0.0,50.0,22.0,Cluster 0,Cluster 0
2026-07-10 00:15:00.001000+00:00,53.7,19.7,49.9,19.9,20.8,19.6,0.0,0.0,0.0,0.0,0.0,0.0,0.0,0.0,0.0,0.0,0.0,0.0,0.0,0.0,0.0,0.0,0.0,0.0,0.0,1.0,0.0,0.0,50.0,22.0,Cluster 0,Cluster 0
2026-07-19 18:50:00.001000+00:00,54.1,19.8,50.9,20.3,21.0,20.0,0.0,0.0,0.0,0.0,0.0,0.0,0.0,0.0,0.0,0.0,0.0,0.0,0.0,0.0,0.0,0.0,0.0,0.0,0.0,1.0,0.0,0.0,50.0,22.0,Cluster 0,Cluster 0
2026-07-05 08:00:00.001000+00:00,52.7,17.9,50.9,19.7,20.2,19.6,0.0,0.0,0.0,0.0,0.0,0.0,0.0,0.0,0.0,0.0,0.0,0.0,0.0,0.0,0.0,0.0,0.0,0.0,0.0,1.0,0.0,0.0,50.0,22.0,Cluster 0,Cluster 0
2026-07-05 08:30:01.001000+00:00,52.7,18.0,50.9,19.7,20.3,19.7,0.0,0.0,0.0,0.0,0.0,0.0,0.0,0.0,0.0,0.0,0.0,0.0,0.0,0.0,0.0,0.0,0.0,0.0,0.0,1.0,0.0,0.0,50.0,22.0,Cluster 0,Cluster 0
2026-07-21 03:55:01.001000+00:00,51.3,16.2,49.2,19.9,20.6,19.9,0.0,0.0,0.0,0.0,0.0,0.0,0.0,0.0,0.0,0.0,0.0,0.0,0.0,0.0,0.0,0.0,0.0,0.0,0.0,1.0,0.0,0.0,50.0,22.0,Cluster 0,Cluster 0
2026-07-08 20:40:01.001000+00:00,53.6,19.6,50.0,19.9,20.8,19.7,0.0,0.0,0.0,0.0,0.0,0.0,0.0,0.0,0.0,0.0,0.0,0.0,0.0,0.0,0.0,0.0,0.0,0.0,0.0,1.0,0.0,0.0,50.0,22.0,Cluster 0,Cluster 0
2026-07-08 05:40:01.001000+00:00,52.9,17.1,52.6,19.4,19.8,19.7,0.0,0.0,0.0,0.0,0.0,0.0,0.0,0.0,0.0,0.0,0.0,0.0,0.0,0.0,0.0,0.0,0.0,0.0,0.0,1.0,0.0,0.0,50.0,22.0,Cluster 0,Cluster 0
2026-07-13 22:45:00.001000+00:00,52.1,20.9,48.8,21.2,21.6,20.5,0.0,0.0,0.0,0.0,0.0,0.0,0.0,0.0,0.0,0.0,0.0,0.0,0.0,0.0,0.0,0.0,0.0,0.0,0.0,1.0,0.0,0.0,50.0,22.0,Cluster 0,Cluster 1
2026-07-04 17:15:01.001000+00:00,52.5,20.0,48.8,20.5,21.2,20.0,0.0,0.0,0.0,0.0,0.0,0.0,0.0,0.0,0.0,0.0,0.0,0.0,0.0,0.0,0.0,0.0,0.0,0.0,0.0,1.0,0.0,0.0,50.0,22.0,Cluster 0,Cluster 1
2026-07-22 20:25:00.001000+00:00,52.8,20.1,49.7,20.4,21.1,20.2,0.0,0.0,0.0,0.0,0.0,0.0,0.0,0.0,0.0,0.0,0.0,0.0,0.0,0.0,0.0,0.0,0.0,0.0,0.0,1.0,0.0,0.0,50.0,22.0,Cluster 0,Cluster 1
2026-07-15 08:10:00.001000+00:00,47.7,18.3,46.9,20.3,20.7,20.4,0.0,0.0,0.0,0.0,0.0,0.0,0.0,0.0,0.0,0.0,0.0,0.0,0.0,0.0,0.0,0.0,0.0,0.0,0.0,1.0,0.0,0.0,50.0,22.0,Cluster 0,Cluster 1
2026-07-22 19:45:00.001000+00:00,52.5,20.0,49.7,20.4,21.1,20.2,0.0,0.0,0.0,0.0,0.0,0.0,0.0,0.0,0.0,0.0,0.0,0.0,0.0,0.0,0.0,0.0,0.0,0.0,0.0,1.0,0.0,0.0,50.0,22.0,Cluster 0,Cluster 1
2026-07-17 13:25:00.001000+00:00,50.0,19.9,46.8,20.8,21.4,20.3,0.0,0.0,0.0,0.0,0.0,0.0,0.0,0.0,0.0,0.0,0.0,0.0,0.0,0.0,0.0,0.0,0.0,0.0,0.0,1.0,0.0,0.0,50.0,22.0,Cluster 0,Cluster 1
2026-07-16 18:25:01.001000+00:00,49.7,20.6,46.8,21.0,21.6,20.6,0.0,0.0,0.0,0.0,0.0,0.0,0.0,0.0,0.0,0.0,0.0,0.0,0.0,0.0,0.0,0.0,0.0,0.0,0.0,1.0,0.0,0.0,50.0,22.0,Cluster 0,Cluster 1
2026-07-10 16:10:01.001000+00:00,53.5,19.1,49.9,19.6,20.6,19.5,0.0,0.0,0.0,0.0,0.0,0.0,0.0,0.0,0.0,0.0,0.0,0.0,0.0,0.0,0.0,0.0,0.0,0.0,0.0,1.0,0.0,0.0,50.0,22.0,Cluster 0,Cluster 0
2026-07-18 01:30:00.001000+00:00,51.9,21.1,48.6,21.3,21.6,20.5,0.0,0.0,0.0,0.0,0.0,0.0,0.0,0.0,0.0,0.0,0.0,0.0,0.0,0.0,0.0,0.0,0.0,0.0,0.0,1.0,0.0,0.0,50.0,22.0,Cluster 0,Cluster 1
2026-07-11 12:05:01.001000+00:00,51.5,18.6,48.8,19.5,20.4,19.5,0.0,0.0,0.0,0.0,0.0,0.0,0.0,0.0,0.0,0.0,0.0,0.0,0.0,0.0,0.0,0.0,0.0,0.0,0.0,1.0,0.0,0.0,50.0,22.0,Cluster 0,Cluster 0
2026-07-06 12:10:00.001000+00:00,51.4,18.7,48.9,19.7,20.6,19.8,0.0,0.0,0.0,0.0,0.0,0.0,0.0,0.0,0.0,0.0,0.0,0.0,0.0,0.0,0.0,0.0,0.0,0.0,0.0,1.0,0.0,0.0,50.0,22.0,Cluster 0,Cluster 0
2026-07-01 06:55:00.001000+00:00,49.8,17.9,50.0,20.0,20.3,20.3,0.0,0.0,0.0,0.0,0.0,0.0,0.0,0.0,0.0,0.0,0.0,0.0,0.0,0.0,0.0,0.0,0.0,0.0,0.0,1.0,0.0,0.0,50.0,22.0,Cluster 0,Cluster 0
2026-07-15 11:45:00.001000+00:00,48.6,19.4,46.6,20.6,21.2,20.5,0.0,0.0,0.0,0.0,0.0,0.0,0.0,0.0,0.0,0.0,0.0,0.0,0.0,0.0,0.0,0.0,0.0,0.0,0.0,1.0,0.0,0.0,50.0,22.0,Cluster 0,Cluster 1
2026-07-13 08:55:01.001000+00:00,48.7,18.6,47.9,20.2,20.9,20.5,0.0,0.0,0.0,0.0,0.0,0.0,0.0,0.0,0.0,0.0,0.0,0.0,0.0,0.0,0.0,0.0,0.0,0.0,0.0,1.0,0.0,0.0,50.0,22.0,Cluster 0,Cluster 1
2026-07-22 16:45:00.001000+00:00,52.2,19.7,49.8,20.3,21.0,20.2,0.0,0.0,0.0,0.0,0.0,0.0,0.0,0.0,0.0,0.0,0.0,0.0,0.0,0.0,0.0,0.0,0.0,0.0,0.0,1.0,0.0,0.0,50.0,22.0,Cluster 0,Cluster 1
2026-07-17 10:55:00.001000+00:00,48.1,19.3,46.2,20.5,21.2,20.5,0.0,0.0,0.0,0.0,0.0,0.0,0.0,0.0,0.0,0.0,0.0,0.0,0.0,0.0,0.0,0.0,0.0,0.0,0.0,1.0,0.0,0.0,50.0,22.0,Cluster 0,Cluster 1
2026-07-19 10:45:01.001000+00:00,52.8,18.6,50.9,19.9,20.6,20.0,0.0,0.0,0.0,0.0,0.0,0.0,0.0,0.0,0.0,0.0,0.0,0.0,0.0,0.0,0.0,0.0,0.0,0.0,0.0,1.0,0.0,0.0,50.0,22.0,Cluster 0,Cluster 0
2026-07-05 15:35:01.001000+00:00,53.6,19.2,50.4,19.9,20.7,19.7,0.0,0.0,0.0,0.0,0.0,0.0,0.0,0.0,0.0,0.0,0.0,0.0,0.0,0.0,0.0,0.0,0.0,0.0,0.0,1.0,0.0,0.0,50.0,22.0,Cluster 0,Cluster 0
2026-07-11 08:05:01.001000+00:00,51.0,17.7,49.5,19.3,20.1,19.6,0.0,0.0,0.0,0.0,0.0,0.0,0.0,0.0,0.0,0.0,0.0,0.0,0.0,0.0,0.0,0.0,0.0,0.0,0.0,1.0,0.0,0.0,50.0,22.0,Cluster 0,Cluster 0
2026-07-20 07:10:00.001000+00:00,52.5,17.6,51.9,19.7,20.1,19.9,0.0,0.0,0.0,0.0,0.0,0.0,0.0,0.0,0.0,0.0,0.0,0.0,0.0,0.0,0.0,0.0,0.0,0.0,0.0,1.0,0.0,0.0,50.0,22.0,Cluster 0,Cluster 0
2026-07-22 06:00:00.001000+00:00,52.6,17.2,52.9,19.8,20.0,20.1,0.0,0.0,0.0,0.0,0.0,0.0,0.0,0.0,0.0,0.0,0.0,0.0,0.0,0.0,0.0,0.0,0.0,0.0,0.0,1.0,0.0,0.0,50.0,22.0,Cluster 0,Cluster 0
2026-07-22 05:55:00.001000+00:00,52.6,17.2,52.9,19.8,20.0,20.1,0.0,0.0,0.0,0.0,0.0,0.0,0.0,0.0,0.0,0.0,0.0,0.0,0.0,0.0,0.0,0.0,0.0,0.0,0.0,1.0,0.0,0.0,50.0,22.0,Cluster 0,Cluster 0
2026-07-15 08:50:00.001000+00:00,49.0,18.6,47.9,20.4,20.8,20.4,0.0,0.0,0.0,0.0,0.0,0.0,0.0,0.0,0.0,0.0,0.0,0.0,0.0,0.0,0.0,0.0,0.0,0.0,0.0,1.0,0.0,0.0,50.0,22.0,Cluster 0,Cluster 1
2026-07-05 08:45:01.001000+00:00,52.3,18.1,50.5,19.7,20.3,19.7,0.0,0.0,0.0,0.0,0.0,0.0,0.0,0.0,0.0,0.0,0.0,0.0,0.0,0.0,0.0,0.0,0.0,0.0,0.0,1.0,0.0,0.0,50.0,22.0,Cluster 0,Cluster 0
2026-07-11 03:50:01.001000+00:00,52.5,16.2,51.0,19.3,20.1,19.6,0.0,0.0,0.0,0.0,0.0,0.0,0.0,0.0,0.0,0.0,0.0,0.0,0.0,0.0,0.0,0.0,0.0,0.0,0.0,1.0,0.0,0.0,50.0,22.0,Cluster 0,Cluster 0
2026-07-10 18:15:01.001000+00:00,52.6,19.3,49.8,19.7,20.6,19.7,0.0,0.0,0.0,0.0,0.0,0.0,0.0,0.0,0.0,0.0,0.0,0.0,0.0,0.0,0.0,0.0,0.0,0.0,0.0,1.0,0.0,0.0,50.0,22.0,Cluster 0,Cluster 0
2026-07-19 17:40:00.001000+00:00,54.1,19.7,50.9,20.2,20.9,19.9,0.0,0.0,0.0,0.0,0.0,0.0,0.0,0.0,0.0,0.0,0.0,0.0,0.0,0.0,0.0,0.0,0.0,0.0,0.0,1.0,0.0,0.0,50.0,22.0,Cluster 0,Cluster 0
2026-07-09 03:15:01.001000+00:00,54.0,19.8,49.9,20.0,20.8,19.5,0.0,0.0,0.0,0.0,0.0,0.0,0.0,0.0,0.0,0.0,0.0,0.0,0.0,0.0,0.0,0.0,0.0,0.0,0.0,1.0,0.0,0.0,50.0,22.0,Cluster 0,Cluster 0
2026-07-10 06:55:00.001000+00:00,51.2,17.4,50.4,19.3,19.9,19.6,0.0,0.0,0.0,0.0,0.0,0.0,0.0,0.0,0.0,0.0,0.0,0.0,0.0,0.0,0.0,0.0,0.0,0.0,0.0,1.0,0.0,0.0,50.0,22.0,Cluster 0,Cluster 0
2026-07-21 16:35:00.001000+00:00,52.3,19.6,49.9,20.2,21.0,20.2,0.0,0.0,0.0,0.0,0.0,0.0,0.0,0.0,0.0,0.0,0.0,0.0,0.0,0.0,0.0,0.0,0.0,0.0,0.0,1.0,0.0,0.0,50.0,22.0,Cluster 0,Cluster 1
2026-07-16 15:10:01.001000+00:00,50.6,20.1,46.8,20.8,21.5,20.2,0.0,0.0,0.0,0.0,0.0,0.0,0.0,0.0,0.0,0.0,0.0,0.0,0.0,0.0,0.0,0.0,0.0,0.0,0.0,1.0,0.0,0.0,50.0,22.0,Cluster 0,Cluster 1
2026-07-17 01:10:01.001000+00:00,49.8,21.1,46.5,21.3,21.6,20.5,0.0,0.0,0.0,0.0,0.0,0.0,0.0,0.0,0.0,0.0,0.0,0.0,0.0,0.0,0.0,0.0,0.0,0.0,0.0,1.0,0.0,0.0,50.0,22.0,Cluster 0,Cluster 1
2026-07-07 06:45:01.001000+00:00,51.4,17.5,50.5,19.4,20.1,19.8,0.0,0.0,0.0,0.0,0.0,0.0,0.0,0.0,0.0,0.0,0.0,0.0,0.0,0.0,0.0,0.0,0.0,0.0,0.0,1.0,0.0,0.0,50.0,22.0,Cluster 0,Cluster 0
2026-07-20 06:50:00.001000+00:00,52.2,17.4,52.0,19.6,20.0,19.9,0.0,0.0,0.0,0.0,0.0,0.0,0.0,0.0,0.0,0.0,0.0,0.0,0.0,0.0,0.0,0.0,0.0,0.0,0.0,1.0,0.0,0.0,50.0,22.0,Cluster 0,Cluster 0
2026-07-08 07:50:00.001000+00:00,51.7,17.8,50.5,19.4,20.2,19.8,0.0,0.0,0.0,0.0,0.0,0.0,0.0,0.0,0.0,0.0,0.0,0.0,0.0,0.0,0.0,0.0,0.0,0.0,0.0,1.0,0.0,0.0,50.0,22.0,Cluster 0,Cluster 0
2026-07-08 23:00:01.001000+00:00,53.7,19.7,50.0,20.0,20.8,19.6,0.0,0.0,0.0,0.0,0.0,0.0,0.0,0.0,0.0,0.0,0.0,0.0,0.0,0.0,0.0,0.0,0.0,0.0,0.0,1.0,0.0,0.0,50.0,22.0,Cluster 0,Cluster 0
2026-07-11 01:50:01.001000+00:00,53.3,19.7,49.9,19.8,20.7,19.6,0.0,0.0,0.0,0.0,0.0,0.0,0.0,0.0,0.0,0.0,0.0,0.0,0.0,0.0,0.0,0.0,0.0,0.0,0.0,1.0,0.0,0.0,50.0,22.0,Cluster 0,Cluster 0
2026-07-07 05:50:01.001000+00:00,53.1,17.2,52.5,19.4,19.9,19.7,0.0,0.0,0.0,0.0,0.0,0.0,0.0,0.0,0.0,0.0,0.0,0.0,0.0,0.0,0.0,0.0,0.0,0.0,0.0,1.0,0.0,0.0,50.0,22.0,Cluster 0,Cluster 0
2026-07-11 11:40:01.001000+00:00,51.4,18.5,49.0,19.5,20.4,19.6,0.0,0.0,0.0,0.0,0.0,0.0,0.0,0.0,0.0,0.0,0.0,0.0,0.0,0.0,0.0,0.0,0.0,0.0,0.0,1.0,0.0,0.0,50.0,22.0,Cluster 0,Cluster 0
2026-07-12 17:25:01.001000+00:00,50.5,19.2,47.9,20.6,21.2,20.3,0.0,0.0,0.0,0.0,0.0,0.0,0.0,0.0,0.0,0.0,0.0,0.0,0.0,0.0,0.0,0.0,0.0,0.0,0.0,1.0,0.0,0.0,50.0,22.0,Cluster 0,Cluster 1
2026-07-08 10:30:01.001000+00:00,51.4,18.4,49.0,19.6,20.5,19.7,0.0,0.0,0.0,0.0,0.0,0.0,0.0,0.0,0.0,0.0,0.0,0.0,0.0,0.0,0.0,0.0,0.0,0.0,0.0,1.0,0.0,0.0,50.0,22.0,Cluster 0,Cluster 0
2026-07-07 19:30:00.001000+00:00,53.1,19.5,50.0,19.9,20.8,19.8,0.0,0.0,0.0,0.0,0.0,0.0,0.0,0.0,0.0,0.0,0.0,0.0,0.0,0.0,0.0,0.0,0.0,0.0,0.0,1.0,0.0,0.0,50.0,22.0,Cluster 0,Cluster 0
2026-07-07 17:25:01.001000+00:00,53.3,19.4,49.9,19.9,20.8,19.7,0.0,0.0,0.0,0.0,0.0,0.0,0.0,0.0,0.0,0.0,0.0,0.0,0.0,0.0,0.0,0.0,0.0,0.0,0.0,1.0,0.0,0.0,50.0,22.0,Cluster 0,Cluster 0
2026-07-11 06:00:00.001000+00:00,52.8,17.1,52.5,19.2,19.7,19.6,0.0,0.0,0.0,0.0,0.0,0.0,0.0,0.0,0.0,0.0,0.0,0.0,0.0,0.0,0.0,0.0,0.0,0.0,0.0,1.0,0.0,0.0,50.0,22.0,Cluster 0,Cluster 0
2026-07-05 15:45:01.001000+00:00,53.1,19.2,50.0,19.9,20.7,19.7,0.0,0.0,0.0,0.0,0.0,0.0,0.0,0.0,0.0,0.0,0.0,0.0,0.0,0.0,0.0,0.0,0.0,0.0,0.0,1.0,0.0,0.0,50.0,22.0,Cluster 0,Cluster 0
2026-07-06 09:10:00.001000+00:00,51.3,18.1,49.5,19.5,20.4,19.8,0.0,0.0,0.0,0.0,0.0,0.0,0.0,0.0,0.0,0.0,0.0,0.0,0.0,0.0,0.0,0.0,0.0,0.0,0.0,1.0,0.0,0.0,50.0,22.0,Cluster 0,Cluster 0
2026-07-09 00:55:00.001000+00:00,52.7,19.8,49.0,20.0,20.8,19.6,0.0,0.0,0.0,0.0,0.0,0.0,0.0,0.0,0.0,0.0,0.0,0.0,0.0,0.0,0.0,0.0,0.0,0.0,0.0,1.0,0.0,0.0,50.0,22.0,Cluster 0,Cluster 0
2026-07-12 02:15:01.001000+00:00,52.8,16.1,49.7,20.2,20.6,19.6,0.0,9.6,36.0,10.3,10.0,1.0,1.0,1.0,1.0,0.0,0.0,0.0,0.0,0.0,0.0,0.0,0.0,0.0,0.0,1.0,0.0,40.0,50.0,22.0,Cluster 1,Cluster 0
2026-07-17 20:45:00.001000+00:00,54.5,20.8,50.7,21.2,21.6,20.4,0.0,0.0,0.0,0.0,0.0,0.0,0.0,0.0,0.0,0.0,0.0,0.0,0.0,0.0,0.0,0.0,0.0,0.0,0.0,1.0,0.0,0.0,50.0,22.0,Cluster 0,Cluster 1
2026-07-17 11:25:00.001000+00:00,48.7,19.4,46.7,20.5,21.2,20.5,0.0,0.0,0.0,0.0,0.0,0.0,0.0,0.0,0.0,0.0,0.0,0.0,0.0,0.0,0.0,0.0,0.0,0.0,0.0,1.0,0.0,0.0,50.0,22.0,Cluster 0,Cluster 1
2026-07-09 03:55:00.001000+00:00,53.0,16.2,51.9,19.2,20.0,19.5,0.0,0.0,0.0,0.0,0.0,0.0,0.0,0.0,0.0,0.0,0.0,0.0,0.0,0.0,0.0,0.0,0.0,0.0,0.0,1.0,0.0,0.0,50.0,22.0,Cluster 0,Cluster 0
2026-07-13 11:05:01.001000+00:00,48.1,19.3,46.7,20.4,21.1,20.6,0.0,0.0,0.0,0.0,0.0,0.0,0.0,0.0,0.0,0.0,0.0,0.0,0.0,0.0,0.0,0.0,0.0,0.0,0.0,1.0,0.0,0.0,50.0,22.0,Cluster 0,Cluster 1
2026-07-01 20:30:01.001000+00:00,53.2,20.3,49.8,20.7,21.3,20.2,0.0,0.0,0.0,0.0,0.0,0.0,0.0,0.0,0.0,0.0,0.0,0.0,0.0,0.0,0.0,0.0,0.0,0.0,0.0,1.0,0.0,0.0,50.0,22.0,Cluster 0,Cluster 1
2026-07-13 02:40:00.001000+00:00,49.4,20.7,46.6,21.0,21.5,20.5,0.0,0.0,0.0,0.0,0.0,0.0,0.0,0.0,0.0,0.0,0.0,0.0,0.0,0.0,0.0,0.0,0.0,0.0,0.0,1.0,0.0,0.0,50.0,22.0,Cluster 0,Cluster 1
2026-07-04 06:40:01.001000+00:00,50.6,17.7,51.0,19.9,20.3,20.3,0.0,0.0,0.0,0.0,0.0,0.0,0.0,0.0,0.0,0.0,0.0,0.0,0.0,0.0,0.0,0.0,0.0,0.0,0.0,1.0,0.0,0.0,50.0,22.0,Cluster 0,Cluster 0
2026-07-09 04:55:01.001000+00:00,52.7,16.7,52.8,19.2,19.6,19.6,0.0,0.0,0.0,0.0,0.0,0.0,0.0,0.0,0.0,0.0,0.0,0.0,0.0,0.0,0.0,0.0,0.0,0.0,0.0,1.0,0.0,0.0,50.0,22.0,Cluster 0,Cluster 0
2026-07-06 16:35:01.001000+00:00,53.1,19.3,50.0,19.8,20.7,19.7,0.0,0.0,0.0,0.0,0.0,0.0,0.0,0.0,0.0,0.0,0.0,0.0,0.0,0.0,0.0,0.0,0.0,0.0,0.0,1.0,0.0,0.0,50.0,22.0,Cluster 0,Cluster 0
2026-07-22 02:55:00.001000+00:00,53.4,20.5,50.0,20.6,21.2,20.1,0.0,0.0,0.0,0.0,0.0,0.0,0.0,0.0,0.0,0.0,0.0,0.0,0.0,0.0,0.0,0.0,0.0,0.0,0.0,1.0,0.0,0.0,50.0,22.0,Cluster 0,Cluster 1
2026-07-05 02:10:02.001000+00:00,52.8,20.6,47.9,20.8,21.3,19.7,0.0,0.0,0.0,0.0,0.0,0.0,0.0,0.0,0.0,0.0,0.0,0.0,0.0,0.0,0.0,0.0,0.0,0.0,0.0,1.0,0.0,0.0,50.0,22.0,Cluster 0,Cluster 1
2026-07-01 19:55:01.001000+00:00,53.1,20.3,49.7,20.7,21.3,20.2,0.0,0.0,0.0,0.0,0.0,0.0,0.0,0.0,0.0,0.0,0.0,0.0,0.0,0.0,0.0,0.0,0.0,0.0,0.0,1.0,0.0,0.0,50.0,22.0,Cluster 0,Cluster 1
2026-07-18 02:15:00.001000+00:00,53.8,21.1,48.2,21.3,21.6,19.8,0.0,0.0,0.0,0.0,0.0,0.0,0.0,0.0,0.0,0.0,0.0,0.0,0.0,0.0,0.0,0.0,0.0,0.0,0.0,1.0,0.0,0.0,50.0,22.0,Cluster 0,Cluster 1
2026-07-06 07:00:01.001000+00:00,50.8,17.6,50.0,19.4,20.1,19.8,0.0,0.0,0.0,0.0,0.0,0.0,0.0,0.0,0.0,0.0,0.0,0.0,0.0,0.0,0.0,0.0,0.0,0.0,0.0,1.0,0.0,0.0,50.0,22.0,Cluster 0,Cluster 0
2026-07-09 07:10:00.001000+00:00,51.2,17.5,50.0,19.2,20.0,19.6,0.0,0.0,0.0,0.0,0.0,0.0,0.0,0.0,0.0,0.0,0.0,0.0,0.0,0.0,0.0,0.0,0.0,0.0,0.0,1.0,0.0,0.0,50.0,22.0,Cluster 0,Cluster 0
2026-07-06 02:10:00.001000+00:00,53.6,19.9,49.9,20.1,20.9,19.7,0.0,0.0,0.0,0.0,0.0,0.0,0.0,0.0,0.0,0.0,0.0,0.0,0.0,0.0,0.0,0.0,0.0,0.0,0.0,1.0,0.0,0.0,50.0,22.0,Cluster 0,Cluster 0
2026-07-09 17:50:01.001000+00:00,53.3,19.3,49.9,19.7,20.7,19.6,0.0,0.0,0.0,0.0,0.0,0.0,0.0,0.0,0.0,0.0,0.0,0.0,0.0,0.0,0.0,0.0,0.0,0.0,0.0,1.0,0.0,0.0,50.0,22.0,Cluster 0,Cluster 0
2026-07-13 20:30:01.001000+00:00,51.6,20.7,48.3,21.1,21.6,20.5,0.0,0.0,0.0,0.0,0.0,0.0,0.0,0.0,0.0,0.0,0.0,0.0,0.0,0.0,0.0,0.0,0.0,0.0,0.0,1.0,0.0,0.0,50.0,22.0,Cluster 0,Cluster 1
2026-07-22 10:50:00.001000+00:00,51.9,18.7,50.4,20.0,20.6,20.1,0.0,0.0,0.0,0.0,0.0,0.0,0.0,0.0,0.0,0.0,0.0,0.0,0.0,0.0,0.0,0.0,0.0,0.0,0.0,1.0,0.0,0.0,50.0,22.0,Cluster 0,Cluster 0
2026-07-17 09:10:02.001000+00:00,48.5,18.8,47.7,20.3,21.0,20.6,0.0,0.0,0.0,0.0,0.0,0.0,0.0,0.0,0.0,0.0,0.0,0.0,0.0,0.0,0.0,0.0,0.0,0.0,0.0,1.0,0.0,0.0,50.0,22.0,Cluster 0,Cluster 1
2026-07-02 22:25:00.001000+00:00,53.1,20.5,50.3,20.7,21.3,20.3,0.0,0.0,0.0,0.0,0.0,0.0,0.0,0.0,0.0,0.0,0.0,0.0,0.0,0.0,0.0,0.0,0.0,0.0,0.0,1.0,0.0,0.0,50.0,22.0,Cluster 0,Cluster 1
2026-07-17 00:40:01.001000+00:00,50.8,21.0,47.6,21.2,21.6,20.5,0.0,0.0,0.0,0.0,0.0,0.0,0.0,0.0,0.0,0.0,0.0,0.0,0.0,0.0,0.0,0.0,0.0,0.0,0.0,1.0,0.0,0.0,50.0,22.0,Cluster 0,Cluster 1
2026-07-08 11:15:01.001000+00:00,51.8,18.6,49.4,19.6,20.5,19.7,0.0,0.0,0.0,0.0,0.0,0.0,0.0,0.0,0.0,0.0,0.0,0.0,0.0,0.0,0.0,0.0,0.0,0.0,0.0,1.0,0.0,0.0,50.0,22.0,Cluster 0,Cluster 0
2026-07-14 00:20:00.001000+00:00,52.5,21.0,48.9,21.2,21.6,20.4,0.0,0.0,0.0,0.0,0.0,0.0,0.0,0.0,0.0,0.0,0.0,0.0,0.0,0.0,0.0,0.0,0.0,0.0,0.0,1.0,0.0,0.0,50.0,22.0,Cluster 0,Cluster 1
2026-07-07 18:20:00.001000+00:00,53.2,19.5,49.8,19.9,20.8,19.7,0.0,0.0,0.0,0.0,0.0,0.0,0.0,0.0,0.0,0.0,0.0,0.0,0.0,0.0,0.0,0.0,0.0,0.0,0.0,1.0,0.0,0.0,50.0,22.0,Cluster 0,Cluster 0
2026-07-02 07:40:00.001000+00:00,49.6,18.1,49.4,20.0,20.5,20.4,0.0,0.0,0.0,0.0,0.0,0.0,0.0,0.0,0.0,0.0,0.0,0.0,0.0,0.0,0.0,0.0,0.0,0.0,0.0,1.0,0.0,0.0,50.0,22.0,Cluster 0,Cluster 0
2026-07-08 03:05:01.001000+00:00,53.4,19.9,50.0,20.0,20.9,19.7,0.0,0.0,0.0,0.0,0.0,0.0,0.0,0.0,0.0,0.0,0.0,0.0,0.0,0.0,0.0,0.0,0.0,0.0,0.0,1.0,0.0,0.0,50.0,22.0,Cluster 0,Cluster 0
2026-07-17 13:15:00.001000+00:00,49.9,19.9,46.7,20.7,21.4,20.3,0.0,0.0,0.0,0.0,0.0,0.0,0.0,0.0,0.0,0.0,0.0,0.0,0.0,0.0,0.0,0.0,0.0,0.0,0.0,1.0,0.0,0.0,50.0,22.0,Cluster 0,Cluster 1
2026-07-19 19:55:00.001000+00:00,52.9,20.0,49.8,20.3,21.0,20.0,0.0,0.0,0.0,0.0,0.0,0.0,0.0,0.0,0.0,0.0,0.0,0.0,0.0,0.0,0.0,0.0,0.0,0.0,0.0,1.0,0.0,0.0,50.0,22.0,Cluster 0,Cluster 1
2026-07-02 20:35:00.001000+00:00,53.3,20.4,49.9,20.7,21.3,20.2,0.0,0.0,0.0,0.0,0.0,0.0,0.0,0.0,0.0,0.0,0.0,0.0,0.0,0.0,0.0,0.0,0.0,0.0,0.0,1.0,0.0,0.0,50.0,22.0,Cluster 0,Cluster 1
2026-07-01 15:50:01.001000+00:00,52.4,19.9,48.7,20.5,21.2,20.0,0.0,0.0,0.0,0.0,0.0,0.0,0.0,0.0,0.0,0.0,0.0,0.0,0.0,0.0,0.0,0.0,0.0,0.0,0.0,1.0,0.0,0.0,50.0,22.0,Cluster 0,Cluster 1
2026-07-08 01:55:00.001000+00:00,53.4,19.8,49.9,20.0,20.8,19.7,0.0,0.0,0.0,0.0,0.0,0.0,0.0,0.0,0.0,0.0,0.0,0.0,0.0,0.0,0.0,0.0,0.0,0.0,0.0,1.0,0.0,0.0,50.0,22.0,Cluster 0,Cluster 0
2026-07-10 19:55:01.001000+00:00,53.4,19.4,50.0,19.7,20.7,19.6,0.0,0.0,0.0,0.0,0.0,0.0,0.0,0.0,0.0,0.0,0.0,0.0,0.0,0.0,0.0,0.0,0.0,0.0,0.0,1.0,0.0,0.0,50.0,22.0,Cluster 0,Cluster 0
2026-07-08 15:20:01.001000+00:00,53.0,19.2,49.9,19.7,20.7,19.7,0.0,0.0,0.0,0.0,0.0,0.0,0.0,0.0,0.0,0.0,0.0,0.0,0.0,0.0,0.0,0.0,0.0,0.0,0.0,1.0,0.0,0.0,50.0,22.0,Cluster 0,Cluster 0
2026-07-17 23:35:00.001000+00:00,54.8,21.0,51.3,21.2,21.6,20.5,0.0,0.0,0.0,0.0,0.0,0.0,0.0,0.0,0.0,0.0,0.0,0.0,0.0,0.0,0.0,0.0,0.0,0.0,0.0,1.0,0.0,0.0,50.0,22.0,Cluster 0,Cluster 1
2026-07-21 09:10:02.001000+00:00,51.7,18.1,50.8,19.8,20.3,20.0,0.0,0.0,0.0,0.0,0.0,0.0,0.0,0.0,0.0,0.0,0.0,0.0,0.0,0.0,0.0,0.0,0.0,0.0,0.0,1.0,0.0,0.0,50.0,22.0,Cluster 0,Cluster 0
2026-07-07 11:30:00.001000+00:00,51.9,18.6,49.4,19.6,20.6,19.8,0.0,0.0,0.0,0.0,0.0,0.0,0.0,0.0,0.0,0.0,0.0,0.0,0.0,0.0,0.0,0.0,0.0,0.0,0.0,1.0,0.0,0.0,50.0,22.0,Cluster 0,Cluster 0
2026-07-18 10:40:01.001000+00:00,51.3,18.7,49.8,20.0,20.7,20.2,0.0,0.0,0.0,0.0,0.0,0.0,0.0,0.0,0.0,0.0,0.0,0.0,0.0,0.0,0.0,0.0,0.0,0.0,0.0,1.0,0.0,0.0,50.0,22.0,Cluster 0,Cluster 0
2026-07-03 23:25:00.001000+00:00,53.4,20.5,50.0,20.7,21.2,20.2,0.0,0.0,0.0,0.0,0.0,0.0,0.0,0.0,0.0,0.0,0.0,0.0,0.0,0.0,0.0,0.0,0.0,0.0,0.0,1.0,0.0,0.0,50.0,22.0,Cluster 0,Cluster 1
2026-07-13 13:05:01.001000+00:00,49.4,19.7,46.8,20.6,21.3,20.4,0.0,0.0,0.0,0.0,0.0,0.0,0.0,0.0,0.0,0.0,0.0,0.0,0.0,0.0,0.0,0.0,0.0,0.0,0.0,1.0,0.0,0.0,50.0,22.0,Cluster 0,Cluster 1
2026-07-10 04:45:01.001000+00:00,53.0,16.6,52.8,19.3,19.6,19.5,0.0,0.0,0.0,0.0,0.0,0.0,0.0,0.0,0.0,0.0,0.0,0.0,0.0,0.0,0.0,0.0,0.0,0.0,0.0,1.0,0.0,0.0,50.0,22.0,Cluster 0,Cluster 0
2026-07-06 13:50:01.001000+00:00,53.3,19.0,49.9,19.7,20.7,19.6,0.0,0.0,0.0,0.0,0.0,0.0,0.0,0.0,0.0,0.0,0.0,0.0,0.0,0.0,0.0,0.0,0.0,0.0,0.0,1.0,0.0,0.0,50.0,22.0,Cluster 0,Cluster 0
2026-07-20 04:45:00.001000+00:00,50.8,16.6,51.8,19.6,19.7,20.0,0.0,0.0,0.0,0.0,0.0,0.0,0.0,0.0,0.0,0.0,0.0,0.0,0.0,0.0,0.0,0.0,0.0,0.0,0.0,1.0,0.0,0.0,50.0,22.0,Cluster 0,Cluster 0
2026-07-05 14:25:00.001000+00:00,53.1,19.1,50.0,19.8,20.7,19.7,0.0,0.0,0.0,0.0,0.0,0.0,0.0,0.0,0.0,0.0,0.0,0.0,0.0,0.0,0.0,0.0,0.0,0.0,0.0,1.0,0.0,0.0,50.0,22.0,Cluster 0,Cluster 0
2026-07-12 15:55:00.001000+00:00,50.2,18.8,47.9,20.5,21.1,20.3,0.0,0.0,0.0,0.0,0.0,0.0,0.0,0.0,0.0,0.0,0.0,0.0,0.0,0.0,0.0,0.0,0.0,0.0,0.0,1.0,0.0,0.0,50.0,22.0,Cluster 0,Cluster 1
2026-07-08 13:35:01.001000+00:00,53.1,19.0,50.0,19.7,20.7,19.7,0.0,0.0,0.0,0.0,0.0,0.0,0.0,0.0,0.0,0.0,0.0,0.0,0.0,0.0,0.0,0.0,0.0,0.0,0.0,1.0,0.0,0.0,50.0,22.0,Cluster 0,Cluster 0
2026-07-22 20:15:00.001000+00:00,52.7,20.1,49.9,20.4,21.1,20.2,0.0,0.0,0.0,0.0,0.0,0.0,0.0,0.0,0.0,0.0,0.0,0.0,0.0,0.0,0.0,0.0,0.0,0.0,0.0,1.0,0.0,0.0,50.0,22.0,Cluster 0,Cluster 1
2026-07-19 02:25:01.001000+00:00,52.9,20.4,49.8,20.6,21.1,20.1,0.0,0.0,0.0,0.0,0.0,0.0,0.0,0.0,0.0,0.0,0.0,0.0,0.0,0.0,0.0,0.0,0.0,0.0,0.0,1.0,0.0,0.0,50.0,22.0,Cluster 0,Cluster 1
2026-07-15 12:55:00.001000+00:00,50.0,19.7,46.8,20.7,21.3,20.2,0.0,0.0,0.0,0.0,0.0,0.0,0.0,0.0,0.0,0.0,0.0,0.0,0.0,0.0,0.0,0.0,0.0,0.0,0.0,1.0,0.0,0.0,50.0,22.0,Cluster 0,Cluster 1
2026-07-13 20:45:01.001000+00:00,52.2,20.8,48.6,21.1,21.6,20.4,0.0,0.0,0.0,0.0,0.0,0.0,0.0,0.0,0.0,0.0,0.0,0.0,0.0,0.0,0.0,0.0,0.0,0.0,0.0,1.0,0.0,0.0,50.0,22.0,Cluster 0,Cluster 1
2026-07-08 09:00:00.001000+00:00,52.1,18.1,50.0,19.5,20.4,19.7,0.0,0.0,0.0,0.0,0.0,0.0,0.0,0.0,0.0,0.0,0.0,0.0,0.0,0.0,0.0,0.0,0.0,0.0,0.0,1.0,0.0,0.0,50.0,22.0,Cluster 0,Cluster 0
2026-07-19 12:45:00.001000+00:00,53.3,19.1,50.8,20.0,20.7,19.9,0.0,0.0,0.0,0.0,0.0,0.0,0.0,0.0,0.0,0.0,0.0,0.0,0.0,0.0,0.0,0.0,0.0,0.0,0.0,1.0,0.0,0.0,50.0,22.0,Cluster 0,Cluster 0
2026-07-05 11:35:02.001000+00:00,51.3,18.7,48.8,19.7,20.5,19.7,0.0,0.0,0.0,0.0,0.0,0.0,0.0,0.0,0.0,0.0,0.0,0.0,0.0,0.0,0.0,0.0,0.0,0.0,0.0,1.0,0.0,0.0,50.0,22.0,Cluster 0,Cluster 0
2026-07-02 20:10:00.001000+00:00,53.2,20.3,49.8,20.7,21.3,20.2,0.0,0.0,0.0,0.0,0.0,0.0,0.0,0.0,0.0,0.0,0.0,0.0,0.0,0.0,0.0,0.0,0.0,0.0,0.0,1.0,0.0,0.0,50.0,22.0,Cluster 0,Cluster 1
2026-07-05 11:30:01.001000+00:00,51.4,18.7,49.0,19.8,20.5,19.7,0.0,0.0,0.0,0.0,0.0,0.0,0.0,0.0,0.0,0.0,0.0,0.0,0.0,0.0,0.0,0.0,0.0,0.0,0.0,1.0,0.0,0.0,50.0,22.0,Cluster 0,Cluster 0
2026-07-22 10:40:00.001000+00:00,51.5,18.6,50.0,19.9,20.6,20.1,0.0,0.0,0.0,0.0,0.0,0.0,0.0,0.0,0.0,0.0,0.0,0.0,0.0,0.0,0.0,0.0,0.0,0.0,0.0,1.0,0.0,0.0,50.0,22.0,Cluster 0,Cluster 0
2026-07-07 21:45:01.001000+00:00,54.2,19.7,50.4,19.9,20.9,19.7,0.0,0.0,0.0,0.0,0.0,0.0,0.0,0.0,0.0,0.0,0.0,0.0,0.0,0.0,0.0,0.0,0.0,0.0,0.0,1.0,0.0,0.0,50.0,22.0,Cluster 0,Cluster 0
2026-07-18 02:10:00.001000+00:00,54.5,21.1,48.6,21.3,21.6,19.7,0.0,0.0,0.0,0.0,0.0,0.0,0.0,0.0,0.0,0.0,0.0,0.0,0.0,0.0,0.0,0.0,0.0,0.0,0.0,1.0,0.0,0.0,50.0,22.0,Cluster 0,Cluster 1
2026-07-03 15:00:01.001000+00:00,52.0,19.8,48.7,20.4,21.1,20.0,0.0,0.0,0.0,0.0,0.0,0.0,0.0,0.0,0.0,0.0,0.0,0.0,0.0,0.0,0.0,0.0,0.0,0.0,0.0,1.0,0.0,0.0,50.0,22.0,Cluster 0,Cluster 1
2026-07-10 12:40:01.001000+00:00,52.0,18.7,48.9,19.5,20.5,19.5,0.0,0.0,0.0,0.0,0.0,0.0,0.0,0.0,0.0,0.0,0.0,0.0,0.0,0.0,0.0,0.0,0.0,0.0,0.0,1.0,0.0,0.0,50.0,22.0,Cluster 0,Cluster 0
2026-07-20 19:10:02.001000+00:00,50.5,20.0,47.8,20.4,21.2,20.3,0.0,0.0,0.0,0.0,0.0,0.0,0.0,0.0,0.0,0.0,0.0,0.0,0.0,0.0,0.0,0.0,0.0,0.0,0.0,1.0,0.0,0.0,50.0,22.0,Cluster 0,Cluster 1
2026-07-20 22:25:01.001000+00:00,50.5,20.3,47.6,20.6,21.3,20.2,0.0,0.0,0.0,0.0,0.0,0.0,0.0,0.0,0.0,0.0,0.0,0.0,0.0,0.0,0.0,0.0,0.0,0.0,0.0,1.0,0.0,0.0,50.0,22.0,Cluster 0,Cluster 1
2026-07-18 03:05:00.001000+00:00,52.8,21.0,47.9,21.3,21.5,20.0,0.0,0.0,0.0,0.0,0.0,0.0,0.0,0.0,0.0,0.0,0.0,0.0,0.0,0.0,0.0,0.0,0.0,0.0,0.0,1.0,0.0,0.0,50.0,22.0,Cluster 0,Cluster 1
2026-07-05 17:50:01.001000+00:00,53.3,19.4,49.9,19.9,20.8,19.7,0.0,0.0,0.0,0.0,0.0,0.0,0.0,0.0,0.0,0.0,0.0,0.0,0.0,0.0,0.0,0.0,0.0,0.0,0.0,1.0,0.0,0.0,50.0,22.0,Cluster 0,Cluster 0
2026-07-08 06:50:01.001000+00:00,51.0,17.5,50.4,19.4,20.0,19.8,0.0,0.0,0.0,0.0,0.0,0.0,0.0,0.0,0.0,0.0,0.0,0.0,0.0,0.0,0.0,0.0,0.0,0.0,0.0,1.0,0.0,0.0,50.0,22.0,Cluster 0,Cluster 0
2026-07-22 02:30:00.001000+00:00,53.3,20.4,49.9,20.6,21.2,20.1,0.0,0.0,0.0,0.0,0.0,0.0,0.0,0.0,0.0,0.0,0.0,0.0,0.0,0.0,0.0,0.0,0.0,0.0,0.0,1.0,0.0,0.0,50.0,22.0,Cluster 0,Cluster 1
2026-07-14 14:50:01.001000+00:00,50.3,20.1,46.8,20.8,21.4,20.2,0.0,0.0,0.0,0.0,0.0,0.0,0.0,0.0,0.0,0.0,0.0,0.0,0.0,0.0,0.0,0.0,0.0,0.0,0.0,1.0,0.0,0.0,50.0,22.0,Cluster 0,Cluster 1
2026-07-15 22:15:00.001000+00:00,52.3,20.9,48.7,21.2,21.6,20.4,0.0,0.0,0.0,0.0,0.0,0.0,0.0,0.0,0.0,0.0,0.0,0.0,0.0,0.0,0.0,0.0,0.0,0.0,0.0,1.0,0.0,0.0,50.0,22.0,Cluster 0,Cluster 1
2026-07-01 14:55:00.001000+00:00,52.0,19.8,48.6,20.5,21.1,20.0,0.0,0.0,0.0,0.0,0.0,0.0,0.0,0.0,0.0,0.0,0.0,0.0,0.0,0.0,0.0,0.0,0.0,0.0,0.0,1.0,0.0,0.0,50.0,22.0,Cluster 0,Cluster 1
2026-07-02 21:05:01.001000+00:00,53.3,20.4,49.9,20.7,21.3,20.2,0.0,0.0,0.0,0.0,0.0,0.0,0.0,0.0,0.0,0.0,0.0,0.0,0.0,0.0,0.0,0.0,0.0,0.0,0.0,1.0,0.0,0.0,50.0,22.0,Cluster 0,Cluster 1
2026-07-21 14:10:02.001000+00:00,52.9,19.2,50.7,20.0,20.8,20.1,0.0,0.0,0.0,0.0,0.0,0.0,0.0,0.0,0.0,0.0,0.0,0.0,0.0,0.0,0.0,0.0,0.0,0.0,0.0,1.0,0.0,0.0,50.0,22.0,Cluster 0,Cluster 0
2026-07-16 06:40:01.001000+00:00,47.7,17.7,47.8,20.0,20.4,20.4,0.0,0.0,0.0,0.0,0.0,0.0,0.0,0.0,0.0,0.0,0.0,0.0,0.0,0.0,0.0,0.0,0.0,0.0,0.0,1.0,0.0,0.0,50.0,22.0,Cluster 0,Cluster 1
2026-07-13 06:45:00.001000+00:00,47.5,17.8,47.9,20.0,20.4,20.5,0.0,0.0,0.0,0.0,0.0,0.0,0.0,0.0,0.0,0.0,0.0,0.0,0.0,0.0,0.0,0.0,0.0,0.0,0.0,1.0,0.0,0.0,50.0,22.0,Cluster 0,Cluster 1
2026-07-09 06:50:00.001000+00:00,51.4,17.3,50.5,19.2,19.9,19.6,0.0,0.0,0.0,0.0,0.0,0.0,0.0,0.0,0.0,0.0,0.0,0.0,0.0,0.0,0.0,0.0,0.0,0.0,0.0,1.0,0.0,0.0,50.0,22.0,Cluster 0,Cluster 0
2026-07-13 16:00:00.001000+00:00,50.3,20.2,46.8,20.8,21.5,20.3,0.0,0.0,0.0,0.0,0.0,0.0,0.0,0.0,0.0,0.0,0.0,0.0,0.0,0.0,0.0,0.0,0.0,0.0,0.0,1.0,0.0,0.0,50.0,22.0,Cluster 0,Cluster 1
2026-07-20 06:55:00.001000+00:00,52.2,17.5,52.0,19.7,20.0,19.9,0.0,0.0,0.0,0.0,0.0,0.0,0.0,0.0,0.0,0.0,0.0,0.0,0.0,0.0,0.0,0.0,0.0,0.0,0.0,1.0,0.0,0.0,50.0,22.0,Cluster 0,Cluster 0
2026-07-01 11:00:00.001000+00:00,50.2,19.1,48.8,20.3,20.9,20.4,0.0,0.0,0.0,0.0,0.0,0.0,0.0,0.0,0.0,0.0,0.0,0.0,0.0,0.0,0.0,0.0,0.0,0.0,0.0,1.0,0.0,0.0,50.0,22.0,Cluster 0,Cluster 1
2026-07-17 02:45:01.001000+00:00,48.9,21.2,45.8,21.3,21.6,20.5,0.0,0.0,0.0,0.0,0.0,0.0,0.0,0.0,0.0,0.0,0.0,0.0,0.0,0.0,0.0,0.0,0.0,0.0,0.0,1.0,0.0,0.0,50.0,22.0,Cluster 0,Cluster 1
2026-07-09 17:15:01.001000+00:00,56.4,19.2,49.9,19.7,20.7,18.7,0.0,0.0,0.0,0.0,0.0,0.0,0.0,0.0,0.0,0.0,0.0,0.0,0.0,0.0,0.0,0.0,0.0,0.0,0.0,1.0,0.0,0.0,50.0,22.0,Cluster 0,Cluster 0
2026-07-01 14:15:00.001000+00:00,52.0,19.7,48.7,20.5,21.1,20.0,0.0,0.0,0.0,0.0,0.0,0.0,0.0,0.0,0.0,0.0,0.0,0.0,0.0,0.0,0.0,0.0,0.0,0.0,0.0,1.0,0.0,0.0,50.0,22.0,Cluster 0,Cluster 1
2026-07-05 13:50:00.001000+00:00,52.8,19.0,50.0,19.8,20.6,19.7,0.0,0.0,0.0,0.0,0.0,0.0,0.0,0.0,0.0,0.0,0.0,0.0,0.0,0.0,0.0,0.0,0.0,0.0,0.0,1.0,0.0,0.0,50.0,22.0,Cluster 0,Cluster 0
2026-07-15 02:40:00.001000+00:00,50.0,21.1,46.5,21.3,21.6,20.4,0.0,0.0,0.0,0.0,0.0,0.0,0.0,0.0,0.0,0.0,0.0,0.0,0.0,0.0,0.0,0.0,0.0,0.0,0.0,1.0,0.0,0.0,50.0,22.0,Cluster 0,Cluster 1
2026-07-22 03:45:00.001000+00:00,53.2,18.6,49.8,20.7,21.0,20.1,0.0,55.5,210.0,29.3,0.0,0.0,0.0,0.0,0.0,0.0,0.0,0.0,0.0,0.0,0.0,0.0,0.0,0.0,0.0,1.0,0.0,0.0,50.0,22.0,Cluster 1,Cluster 0
2026-07-07 18:05:01.001000+00:00,53.4,19.5,50.0,19.9,20.8,19.7,0.0,0.0,0.0,0.0,0.0,0.0,0.0,0.0,0.0,0.0,0.0,0.0,0.0,0.0,0.0,0.0,0.0,0.0,0.0,1.0,0.0,0.0,50.0,22.0,Cluster 0,Cluster 0
2026-07-01 15:40:00.001000+00:00,52.2,19.9,48.6,20.5,21.2,20.0,0.0,0.0,0.0,0.0,0.0,0.0,0.0,0.0,0.0,0.0,0.0,0.0,0.0,0.0,0.0,0.0,0.0,0.0,0.0,1.0,0.0,0.0,50.0,22.0,Cluster 0,Cluster 1
2026-07-15 01:40:00.001000+00:00,48.7,21.1,45.6,21.3,21.6,20.5,0.0,0.0,0.0,0.0,0.0,0.0,0.0,0.0,0.0,0.0,0.0,0.0,0.0,0.0,0.0,0.0,0.0,0.0,0.0,1.0,0.0,0.0,50.0,22.0,Cluster 0,Cluster 1
2026-07-10 18:55:01.001000+00:00,52.9,19.3,49.8,19.7,20.6,19.6,0.0,0.0,0.0,0.0,0.0,0.0,0.0,0.0,0.0,0.0,0.0,0.0,0.0,0.0,0.0,0.0,0.0,0.0,0.0,1.0,0.0,0.0,50.0,22.0,Cluster 0,Cluster 0
2026-07-22 07:10:00.001000+00:00,51.2,17.7,51.0,19.8,20.1,20.1,0.0,0.0,0.0,0.0,0.0,0.0,0.0,0.0,0.0,0.0,0.0,0.0,0.0,0.0,0.0,0.0,0.0,0.0,0.0,1.0,0.0,0.0,50.0,22.0,Cluster 0,Cluster 0
2026-07-06 17:40:01.001000+00:00,53.0,19.4,49.9,19.8,20.7,19.7,0.0,0.0,0.0,0.0,0.0,0.0,0.0,0.0,0.0,0.0,0.0,0.0,0.0,0.0,0.0,0.0,0.0,0.0,0.0,1.0,0.0,0.0,50.0,22.0,Cluster 0,Cluster 0
2026-07-12 23:55:01.001000+00:00,52.7,20.4,49.6,20.9,21.4,20.4,0.0,0.0,0.0,0.0,0.0,0.0,0.0,0.0,0.0,0.0,0.0,0.0,0.0,0.0,0.0,0.0,0.0,0.0,0.0,1.0,0.0,0.0,50.0,22.0,Cluster 0,Cluster 1
2026-07-07 10:50:01.001000+00:00,51.5,18.5,49.4,19.6,20.5,19.8,0.0,0.0,0.0,0.0,0.0,0.0,0.0,0.0,0.0,0.0,0.0,0.0,0.0,0.0,0.0,0.0,0.0,0.0,0.0,1.0,0.0,0.0,50.0,22.0,Cluster 0,Cluster 0
2026-07-02 08:00:01.001000+00:00,50.4,18.2,49.8,20.0,20.5,20.4,0.0,0.0,0.0,0.0,0.0,0.0,0.0,0.0,0.0,0.0,0.0,0.0,0.0,0.0,0.0,0.0,0.0,0.0,0.0,1.0,0.0,0.0,50.0,22.0,Cluster 0,Cluster 0
2026-07-19 08:00:01.001000+00:00,51.4,17.9,50.8,19.8,20.3,20.1,0.0,0.0,0.0,0.0,0.0,0.0,0.0,0.0,0.0,0.0,0.0,0.0,0.0,0.0,0.0,0.0,0.0,0.0,0.0,1.0,0.0,0.0,50.0,22.0,Cluster 0,Cluster 0
2026-07-07 10:30:00.001000+00:00,51.4,18.4,48.9,19.6,20.5,19.7,0.0,0.0,0.0,0.0,0.0,0.0,0.0,0.0,0.0,0.0,0.0,0.0,0.0,0.0,0.0,0.0,0.0,0.0,0.0,1.0,0.0,0.0,50.0,22.0,Cluster 0,Cluster 0
2026-07-15 10:25:00.001000+00:00,48.1,19.1,46.8,20.5,21.0,20.5,1.0,0.0,0.0,0.0,0.0,0.0,0.0,0.0,0.0,0.0,0.0,0.0,0.0,0.0,0.0,0.0,0.0,0.0,0.0,1.0,0.0,0.0,50.0,22.0,Cluster 0,Cluster 1
2026-07-17 09:35:01.001000+00:00,48.1,18.9,46.7,20.4,21.0,20.5,0.0,0.0,0.0,0.0,0.0,0.0,0.0,0.0,0.0,0.0,0.0,0.0,0.0,0.0,0.0,0.0,0.0,0.0,0.0,1.0,0.0,0.0,50.0,22.0,Cluster 0,Cluster 1
2026-07-09 08:55:01.001000+00:00,51.7,18.0,50.0,19.3,20.2,19.6,0.0,0.0,0.0,0.0,0.0,0.0,0.0,0.0,0.0,0.0,0.0,0.0,0.0,0.0,0.0,0.0,0.0,0.0,0.0,1.0,0.0,0.0,50.0,22.0,Cluster 0,Cluster 0
2026-07-06 02:55:00.001000+00:00,53.8,19.9,50.0,20.0,20.9,19.7,0.0,0.0,0.0,0.0,0.0,0.0,0.0,0.0,0.0,0.0,0.0,0.0,0.0,0.0,0.0,0.0,0.0,0.0,0.0,1.0,0.0,0.0,50.0,22.0,Cluster 0,Cluster 0
2026-07-09 01:40:00.001000+00:00,54.0,19.8,49.9,20.0,20.8,19.5,0.0,0.0,0.0,0.0,0.0,0.0,0.0,0.0,0.0,0.0,0.0,0.0,0.0,0.0,0.0,0.0,0.0,0.0,0.0,1.0,0.0,0.0,50.0,22.0,Cluster 0,Cluster 0
2026-07-04 06:00:01.001000+00:00,52.1,17.5,52.9,19.9,20.1,20.3,0.0,0.0,0.0,0.0,0.0,0.0,0.0,0.0,0.0,0.0,0.0,0.0,0.0,0.0,0.0,0.0,0.0,0.0,0.0,1.0,0.0,0.0,50.0,22.0,Cluster 0,Cluster 0
2026-07-17 05:00:00.001000+00:00,48.2,17.0,49.8,19.9,20.0,20.5,0.0,0.0,0.0,0.0,0.0,0.0,0.0,0.0,0.0,0.0,0.0,0.0,0.0,0.0,0.0,0.0,0.0,0.0,0.0,1.0,0.0,0.0,50.0,22.0,Cluster 0,Cluster 0
2026-07-14 11:05:01.001000+00:00,48.1,19.2,45.9,20.5,21.1,20.5,0.0,0.0,0.0,0.0,0.0,0.0,0.0,0.0,0.0,0.0,0.0,0.0,0.0,0.0,0.0,0.0,0.0,0.0,0.0,1.0,0.0,0.0,50.0,22.0,Cluster 0,Cluster 1
2026-07-21 12:25:02.001000+00:00,51.3,18.9,49.8,20.0,20.6,20.1,0.0,0.0,0.0,0.0,0.0,0.0,0.0,0.0,0.0,0.0,0.0,0.0,0.0,0.0,0.0,0.0,0.0,0.0,0.0,1.0,0.0,0.0,50.0,22.0,Cluster 0,Cluster 0
2026-07-09 13:05:01.001000+00:00,52.2,18.8,49.5,19.6,20.6,19.7,0.0,0.0,0.0,0.0,0.0,0.0,0.0,0.0,0.0,0.0,0.0,0.0,0.0,0.0,0.0,0.0,0.0,0.0,0.0,1.0,0.0,0.0,50.0,22.0,Cluster 0,Cluster 0
2026-07-04 20:25:00.001000+00:00,52.9,20.3,49.8,20.7,21.2,20.2,0.0,0.0,0.0,0.0,0.0,0.0,0.0,0.0,0.0,0.0,0.0,0.0,0.0,0.0,0.0,0.0,0.0,0.0,0.0,1.0,0.0,0.0,50.0,22.0,Cluster 0,Cluster 1
2026-07-07 04:55:01.001000+00:00,53.1,16.8,52.8,19.4,19.8,19.7,0.0,0.0,0.0,0.0,0.0,0.0,0.0,0.0,0.0,0.0,0.0,0.0,0.0,0.0,0.0,0.0,0.0,0.0,0.0,1.0,0.0,0.0,50.0,22.0,Cluster 0,Cluster 0
2026-07-04 10:50:01.001000+00:00,50.3,19.0,48.9,20.2,20.8,20.3,0.0,0.0,0.0,0.0,0.0,0.0,0.0,0.0,0.0,0.0,0.0,0.0,0.0,0.0,0.0,0.0,0.0,0.0,0.0,1.0,0.0,0.0,50.0,22.0,Cluster 0,Cluster 1
2026-07-10 13:00:01.001000+00:00,52.5,18.7,49.4,19.5,20.5,19.5,0.0,0.0,0.0,0.0,0.0,0.0,0.0,0.0,0.0,0.0,0.0,0.0,0.0,0.0,0.0,0.0,0.0,0.0,0.0,1.0,0.0,0.0,50.0,22.0,Cluster 0,Cluster 0
2026-07-04 06:30:01.001000+00:00,51.4,17.7,51.8,19.9,20.2,20.3,0.0,0.0,0.0,0.0,0.0,0.0,0.0,0.0,0.0,0.0,0.0,0.0,0.0,0.0,0.0,0.0,0.0,0.0,0.0,1.0,0.0,0.0,50.0,22.0,Cluster 0,Cluster 0
2026-07-03 07:20:01.001000+00:00,48.8,18.0,49.0,19.8,20.3,20.3,0.0,0.0,0.0,0.0,0.0,0.0,0.0,0.0,0.0,0.0,0.0,0.0,0.0,0.0,0.0,0.0,0.0,0.0,0.0,1.0,0.0,0.0,50.0,22.0,Cluster 0,Cluster 0
2026-07-12 13:50:02.001000+00:00,50.4,18.1,48.7,20.4,20.8,20.2,0.0,0.0,0.0,0.0,0.0,0.0,0.0,0.0,0.0,0.0,0.0,0.0,0.0,0.0,0.0,0.0,0.0,0.0,0.0,1.0,0.0,0.0,50.0,22.0,Cluster 0,Cluster 1
2026-07-13 20:55:01.001000+00:00,51.9,20.8,48.6,21.1,21.6,20.5,0.0,0.0,0.0,0.0,0.0,0.0,0.0,0.0,0.0,0.0,0.0,0.0,0.0,0.0,0.0,0.0,0.0,0.0,0.0,1.0,0.0,0.0,50.0,22.0,Cluster 0,Cluster 1
2026-07-21 10:40:01.001000+00:00,51.9,18.6,50.4,19.9,20.5,20.0,0.0,0.0,0.0,0.0,0.0,0.0,0.0,0.0,0.0,0.0,0.0,0.0,0.0,0.0,0.0,0.0,0.0,0.0,0.0,1.0,0.0,0.0,50.0,22.0,Cluster 0,Cluster 0
2026-07-20 08:10:00.001000+00:00,52.7,17.9,51.8,19.7,20.3,19.9,0.0,0.0,0.0,0.0,0.0,0.0,0.0,0.0,0.0,0.0,0.0,0.0,0.0,0.0,0.0,0.0,0.0,0.0,0.0,1.0,0.0,0.0,50.0,22.0,Cluster 0,Cluster 0
2026-07-11 07:00:01.001000+00:00,50.8,17.4,49.9,19.3,19.9,19.6,0.0,0.0,0.0,0.0,0.0,0.0,0.0,0.0,0.0,0.0,0.0,0.0,0.0,0.0,0.0,0.0,0.0,0.0,0.0,1.0,0.0,0.0,50.0,22.0,Cluster 0,Cluster 0
2026-07-07 13:35:01.001000+00:00,52.7,19.0,50.0,19.7,20.7,19.8,0.0,0.0,0.0,0.0,0.0,0.0,0.0,0.0,0.0,0.0,0.0,0.0,0.0,0.0,0.0,0.0,0.0,0.0,0.0,1.0,0.0,0.0,50.0,22.0,Cluster 0,Cluster 0
2026-07-03 13:20:01.001000+00:00,51.7,19.5,48.7,20.3,21.0,20.0,0.0,0.0,0.0,0.0,0.0,0.0,0.0,0.0,0.0,0.0,0.0,0.0,0.0,0.0,0.0,0.0,0.0,0.0,0.0,1.0,0.0,0.0,50.0,22.0,Cluster 0,Cluster 1
2026-07-20 09:15:00.001000+00:00,53.2,18.2,51.3,19.8,20.4,19.8,0.0,0.0,0.0,0.0,0.0,0.0,0.0,0.0,0.0,0.0,0.0,0.0,0.0,0.0,0.0,0.0,0.0,0.0,0.0,1.0,0.0,0.0,50.0,22.0,Cluster 0,Cluster 0
2026-07-07 07:20:01.001000+00:00,51.5,17.6,50.5,19.4,20.1,19.7,0.0,0.0,0.0,0.0,0.0,0.0,0.0,0.0,0.0,0.0,0.0,0.0,0.0,0.0,0.0,0.0,0.0,0.0,0.0,1.0,0.0,0.0,50.0,22.0,Cluster 0,Cluster 0
2026-07-18 18:10:01.001000+00:00,52.5,19.9,49.7,20.4,21.1,20.2,0.0,0.0,0.0,0.0,0.0,0.0,0.0,0.0,0.0,0.0,0.0,0.0,0.0,0.0,0.0,0.0,0.0,0.0,0.0,1.0,0.0,0.0,50.0,22.0,Cluster 0,Cluster 1
2026-07-13 07:55:01.001000+00:00,48.9,18.2,48.7,20.1,20.6,20.5,0.0,0.0,0.0,0.0,0.0,0.0,0.0,0.0,0.0,0.0,0.0,0.0,0.0,0.0,0.0,0.0,0.0,0.0,0.0,1.0,0.0,0.0,50.0,22.0,Cluster 0,Cluster 1
2026-07-17 12:45:00.001000+00:00,49.0,19.8,46.2,20.7,21.4,20.4,0.0,0.0,0.0,0.0,0.0,0.0,0.0,0.0,0.0,0.0,0.0,0.0,0.0,0.0,0.0,0.0,0.0,0.0,0.0,1.0,0.0,0.0,50.0,22.0,Cluster 0,Cluster 1
2026-07-15 07:35:00.001000+00:00,49.3,18.1,48.8,20.3,20.6,20.4,0.0,0.0,0.0,0.0,0.0,0.0,0.0,0.0,0.0,0.0,0.0,0.0,0.0,0.0,0.0,0.0,0.0,0.0,0.0,1.0,0.0,0.0,50.0,22.0,Cluster 0,Cluster 1
2026-07-15 13:25:00.001000+00:00,50.2,19.8,47.3,20.7,21.3,20.3,0.0,0.0,0.0,0.0,0.0,0.0,0.0,0.0,0.0,0.0,0.0,0.0,0.0,0.0,0.0,0.0,0.0,0.0,0.0,1.0,0.0,0.0,50.0,22.0,Cluster 0,Cluster 1
2026-07-06 21:50:01.001000+00:00,53.8,19.7,50.4,20.0,20.8,19.7,0.0,0.0,0.0,0.0,0.0,0.0,0.0,0.0,0.0,0.0,0.0,0.0,0.0,0.0,0.0,0.0,0.0,0.0,0.0,1.0,0.0,0.0,50.0,22.0,Cluster 0,Cluster 0
2026-07-18 17:05:01.001000+00:00,52.5,19.8,49.8,20.3,21.1,20.2,0.0,0.0,0.0,0.0,0.0,0.0,0.0,0.0,0.0,0.0,0.0,0.0,0.0,0.0,0.0,0.0,0.0,0.0,0.0,1.0,0.0,0.0,50.0,22.0,Cluster 0,Cluster 1
2026-07-02 07:35:00.001000+00:00,49.6,18.1,49.3,20.0,20.4,20.4,0.0,0.0,0.0,0.0,0.0,0.0,0.0,0.0,0.0,0.0,0.0,0.0,0.0,0.0,0.0,0.0,0.0,0.0,0.0,1.0,0.0,0.0,50.0,22.0,Cluster 0,Cluster 0
2026-07-17 07:10:01.001000+00:00,48.1,18.1,47.9,20.1,20.5,20.5,0.0,0.0,0.0,0.0,0.0,0.0,0.0,0.0,0.0,0.0,0.0,0.0,0.0,0.0,0.0,0.0,0.0,0.0,0.0,1.0,0.0,0.0,50.0,22.0,Cluster 0,Cluster 1
2026-07-07 15:55:01.001000+00:00,52.7,19.2,50.0,19.8,20.7,19.8,0.0,0.0,0.0,0.0,0.0,0.0,0.0,0.0,0.0,0.0,0.0,0.0,0.0,0.0,0.0,0.0,0.0,0.0,0.0,1.0,0.0,0.0,50.0,22.0,Cluster 0,Cluster 0
2026-07-12 18:20:01.001000+00:00,50.1,19.5,47.8,20.7,21.3,20.5,0.0,0.0,0.0,0.0,0.0,0.0,0.0,0.0,0.0,0.0,0.0,0.0,0.0,0.0,0.0,0.0,0.0,0.0,0.0,1.0,0.0,0.0,50.0,22.0,Cluster 0,Cluster 1
2026-07-21 02:35:01.001000+00:00,52.2,20.6,48.6,20.7,21.2,19.9,0.0,0.0,0.0,0.0,0.0,0.0,0.0,0.0,0.0,0.0,0.0,0.0,0.0,0.0,0.0,0.0,0.0,0.0,0.0,1.0,0.0,0.0,50.0,22.0,Cluster 0,Cluster 1
2026-07-08 00:35:01.001000+00:00,53.0,19.8,48.9,20.0,20.9,19.6,0.0,0.0,0.0,0.0,0.0,0.0,0.0,0.0,0.0,0.0,0.0,0.0,0.0,0.0,0.0,0.0,0.0,0.0,0.0,1.0,0.0,0.0,50.0,22.0,Cluster 0,Cluster 0
2026-07-03 03:05:00.001000+00:00,52.8,20.7,49.7,20.8,21.3,20.3,0.0,0.0,0.0,0.0,0.0,0.0,0.0,0.0,0.0,0.0,0.0,0.0,0.0,0.0,0.0,0.0,0.0,0.0,0.0,1.0,0.0,0.0,50.0,22.0,Cluster 0,Cluster 1
2026-07-11 08:00:01.001000+00:00,51.4,17.7,50.0,19.3,20.1,19.6,0.0,0.0,0.0,0.0,0.0,0.0,0.0,0.0,0.0,0.0,0.0,0.0,0.0,0.0,0.0,0.0,0.0,0.0,0.0,1.0,0.0,0.0,50.0,22.0,Cluster 0,Cluster 0
2026-07-20 23:40:01.001000+00:00,50.4,20.4,47.2,20.7,21.3,20.2,0.0,0.0,0.0,0.0,0.0,0.0,0.0,0.0,0.0,0.0,0.0,0.0,0.0,0.0,0.0,0.0,0.0,0.0,0.0,1.0,0.0,0.0,50.0,22.0,Cluster 0,Cluster 1
2026-07-21 13:15:02.001000+00:00,52.5,19.1,50.7,20.0,20.7,20.1,0.0,0.0,0.0,0.0,0.0,0.0,0.0,0.0,0.0,0.0,0.0,0.0,0.0,0.0,0.0,0.0,0.0,0.0,0.0,1.0,0.0,0.0,50.0,22.0,Cluster 0,Cluster 0
2026-07-16 14:35:00.001000+00:00,50.3,20.0,46.8,20.8,21.4,20.2,0.0,0.0,0.0,0.0,0.0,0.0,0.0,0.0,0.0,0.0,0.0,0.0,0.0,0.0,0.0,0.0,0.0,0.0,0.0,1.0,0.0,0.0,50.0,22.0,Cluster 0,Cluster 1
2026-07-19 08:35:00.001000+00:00,51.2,18.1,50.4,19.8,20.4,20.1,0.0,0.0,0.0,0.0,0.0,0.0,0.0,0.0,0.0,0.0,0.0,0.0,0.0,0.0,0.0,0.0,0.0,0.0,0.0,1.0,0.0,0.0,50.0,22.0,Cluster 0,Cluster 0
2026-07-16 07:15:01.001000+00:00,48.9,18.0,48.4,20.0,20.5,20.3,0.0,0.0,0.0,0.0,0.0,0.0,0.0,0.0,0.0,0.0,0.0,0.0,0.0,0.0,0.0,0.0,0.0,0.0,0.0,1.0,0.0,0.0,50.0,22.0,Cluster 0,Cluster 1
2026-07-14 22:20:00.001000+00:00,52.5,20.9,48.8,21.2,21.6,20.4,0.0,0.0,0.0,0.0,0.0,0.0,0.0,0.0,0.0,0.0,0.0,0.0,0.0,0.0,0.0,0.0,0.0,0.0,0.0,1.0,0.0,0.0,50.0,22.0,Cluster 0,Cluster 1
2026-07-04 12:00:01.001000+00:00,50.3,19.3,48.3,20.3,20.9,20.3,0.0,0.0,0.0,0.0,0.0,0.0,0.0,0.0,0.0,0.0,0.0,0.0,0.0,0.0,0.0,0.0,0.0,0.0,0.0,1.0,0.0,0.0,50.0,22.0,Cluster 0,Cluster 1
2026-07-05 16:25:00.001000+00:00,52.7,19.3,49.9,19.9,20.7,19.8,0.0,0.0,0.0,0.0,0.0,0.0,0.0,0.0,0.0,0.0,0.0,0.0,0.0,0.0,0.0,0.0,0.0,0.0,0.0,1.0,0.0,0.0,50.0,22.0,Cluster 0,Cluster 0
2026-07-02 04:55:01.001000+00:00,52.0,17.0,53.1,19.9,20.0,20.3,0.0,0.0,0.0,0.0,0.0,0.0,0.0,0.0,0.0,0.0,0.0,0.0,0.0,0.0,0.0,0.0,0.0,0.0,0.0,1.0,0.0,0.0,50.0,22.0,Cluster 0,Cluster 0
2026-07-04 21:25:00.001000+00:00,53.3,20.4,49.9,20.7,21.2,20.2,0.0,0.0,0.0,0.0,0.0,0.0,0.0,0.0,0.0,0.0,0.0,0.0,0.0,0.0,0.0,0.0,0.0,0.0,0.0,1.0,0.0,0.0,50.0,22.0,Cluster 0,Cluster 1
2026-07-20 15:50:01.001000+00:00,49.5,19.6,48.7,20.2,21.0,20.7,0.0,0.0,0.0,0.0,0.0,0.0,0.0,0.0,0.0,0.0,0.0,0.0,0.0,0.0,0.0,0.0,0.0,0.0,0.0,1.0,0.0,0.0,50.0,22.0,Cluster 0,Cluster 1
2026-07-13 18:35:00.001000+00:00,49.9,20.6,46.8,21.0,21.6,20.5,0.0,0.0,0.0,0.0,0.0,0.0,0.0,0.0,0.0,0.0,0.0,0.0,0.0,0.0,0.0,0.0,0.0,0.0,0.0,1.0,0.0,0.0,50.0,22.0,Cluster 0,Cluster 1
2026-07-05 10:30:00.001000+00:00,51.2,18.5,48.8,19.7,20.5,19.7,0.0,0.0,0.0,0.0,0.0,0.0,0.0,0.0,0.0,0.0,0.0,0.0,0.0,0.0,0.0,0.0,0.0,0.0,0.0,1.0,0.0,0.0,50.0,22.0,Cluster 0,Cluster 0
2026-07-11 11:15:01.001000+00:00,51.8,18.4,49.4,19.5,20.4,19.6,0.0,0.0,0.0,0.0,0.0,0.0,0.0,0.0,0.0,0.0,0.0,0.0,0.0,0.0,0.0,0.0,0.0,0.0,0.0,1.0,0.0,0.0,50.0,22.0,Cluster 0,Cluster 0
2026-07-08 09:25:00.001000+00:00,50.8,18.2,48.9,19.5,20.4,19.8,0.0,0.0,0.0,0.0,0.0,0.0,0.0,0.0,0.0,0.0,0.0,0.0,0.0,0.0,0.0,0.0,0.0,0.0,0.0,1.0,0.0,0.0,50.0,22.0,Cluster 0,Cluster 0
2026-07-12 04:10:01.001000+00:00,52.8,16.1,49.6,20.2,20.6,19.6,0.0,9.5,36.0,10.3,10.0,1.0,1.0,1.0,1.0,0.0,0.0,0.0,0.0,0.0,0.0,0.0,0.0,0.0,0.0,1.0,0.0,40.0,50.0,22.0,Cluster 1,Cluster 0
2026-07-15 20:00:00.001000+00:00,51.5,20.7,47.9,21.1,21.6,20.4,0.0,0.0,0.0,0.0,0.0,0.0,0.0,0.0,0.0,0.0,0.0,0.0,0.0,0.0,0.0,0.0,0.0,0.0,0.0,1.0,0.0,0.0,50.0,22.0,Cluster 0,Cluster 1
2026-07-09 23:30:00.001000+00:00,54.1,19.6,50.0,19.9,20.8,19.5,0.0,0.0,0.0,0.0,0.0,0.0,0.0,0.0,0.0,0.0,0.0,0.0,0.0,0.0,0.0,0.0,0.0,0.0,0.0,1.0,0.0,0.0,50.0,22.0,Cluster 0,Cluster 0
2026-07-15 19:10:00.001000+00:00,51.1,20.6,47.7,21.1,21.6,20.4,0.0,0.0,0.0,0.0,0.0,0.0,0.0,0.0,0.0,0.0,0.0,0.0,0.0,0.0,0.0,0.0,0.0,0.0,0.0,1.0,0.0,0.0,50.0,22.0,Cluster 0,Cluster 1
2026-07-12 13:25:01.001000+00:00,50.3,18.0,48.8,20.4,20.8,20.3,0.0,0.0,0.0,0.0,0.0,0.0,0.0,0.0,0.0,0.0,0.0,0.0,0.0,0.0,0.0,0.0,0.0,0.0,0.0,1.0,0.0,0.0,50.0,22.0,Cluster 0,Cluster 1
2026-07-10 14:15:01.001000+00:00,53.0,18.9,50.0,19.6,20.5,19.5,0.0,0.0,0.0,0.0,0.0,0.0,0.0,0.0,0.0,0.0,0.0,0.0,0.0,0.0,0.0,0.0,0.0,0.0,0.0,1.0,0.0,0.0,50.0,22.0,Cluster 0,Cluster 0
2026-07-01 17:00:01.001000+00:00,51.6,20.0,48.0,20.6,21.2,20.0,0.0,0.0,0.0,0.0,0.0,0.0,0.0,0.0,0.0,0.0,0.0,0.0,0.0,0.0,0.0,0.0,0.0,0.0,0.0,1.0,0.0,0.0,50.0,22.0,Cluster 0,Cluster 1
2026-07-17 21:25:00.001000+00:00,54.3,20.9,50.8,21.2,21.6,20.5,0.0,0.0,0.0,0.0,0.0,0.0,0.0,0.0,0.0,0.0,0.0,0.0,0.0,0.0,0.0,0.0,0.0,0.0,0.0,1.0,0.0,0.0,50.0,22.0,Cluster 0,Cluster 1
2026-07-14 08:05:01.001000+00:00,48.2,18.3,47.7,20.3,20.7,20.5,0.0,0.0,0.0,0.0,0.0,0.0,0.0,0.0,0.0,0.0,0.0,0.0,0.0,0.0,0.0,0.0,0.0,0.0,0.0,1.0,0.0,0.0,50.0,22.0,Cluster 0,Cluster 1
2026-07-03 21:40:01.001000+00:00,53.0,20.4,49.9,20.7,21.2,20.2,0.0,0.0,0.0,0.0,0.0,0.0,0.0,0.0,0.0,0.0,0.0,0.0,0.0,0.0,0.0,0.0,0.0,0.0,0.0,1.0,0.0,0.0,50.0,22.0,Cluster 0,Cluster 1
2026-07-09 14:15:01.001000+00:00,53.2,18.9,50.0,19.6,20.6,19.6,0.0,0.0,0.0,0.0,0.0,0.0,0.0,0.0,0.0,0.0,0.0,0.0,0.0,0.0,0.0,0.0,0.0,0.0,0.0,1.0,0.0,0.0,50.0,22.0,Cluster 0,Cluster 0
2026-07-01 05:45:00.001000+00:00,51.9,17.4,52.5,19.9,20.1,20.3,0.0,0.0,0.0,0.0,0.0,0.0,0.0,0.0,0.0,0.0,0.0,0.0,0.0,0.0,0.0,0.0,0.0,0.0,0.0,1.0,0.0,0.0,50.0,22.0,Cluster 0,Cluster 0
2026-07-18 03:40:00.001000+00:00,53.0,21.1,48.7,21.2,21.5,20.1,0.0,0.0,0.0,0.0,0.0,0.0,0.0,0.0,0.0,0.0,0.0,0.0,0.0,0.0,0.0,0.0,0.0,0.0,0.0,1.0,0.0,0.0,50.0,22.0,Cluster 0,Cluster 1
2026-07-03 14:45:01.001000+00:00,52.0,19.7,48.7,20.4,21.1,20.0,0.0,0.0,0.0,0.0,0.0,0.0,0.0,0.0,0.0,0.0,0.0,0.0,0.0,0.0,0.0,0.0,0.0,0.0,0.0,1.0,0.0,0.0,50.0,22.0,Cluster 0,Cluster 1
2026-07-07 16:15:00.001000+00:00,53.5,19.3,50.4,19.8,20.8,19.8,0.0,0.0,0.0,0.0,0.0,0.0,0.0,0.0,0.0,0.0,0.0,0.0,0.0,0.0,0.0,0.0,0.0,0.0,0.0,1.0,0.0,0.0,50.0,22.0,Cluster 0,Cluster 0
2026-07-04 18:05:01.001000+00:00,51.5,20.1,47.9,20.6,21.2,20.1,0.0,0.0,0.0,0.0,0.0,0.0,0.0,0.0,0.0,0.0,0.0,0.0,0.0,0.0,0.0,0.0,0.0,0.0,0.0,1.0,0.0,0.0,50.0,22.0,Cluster 0,Cluster 1
2026-07-03 17:10:01.001000+00:00,52.5,20.0,48.8,20.5,21.2,20.0,0.0,0.0,0.0,0.0,0.0,0.0,0.0,0.0,0.0,0.0,0.0,0.0,0.0,0.0,0.0,0.0,0.0,0.0,0.0,1.0,0.0,0.0,50.0,22.0,Cluster 0,Cluster 1
2026-07-22 18:35:00.001000+00:00,52.5,19.9,49.8,20.4,21.1,20.2,0.0,0.0,0.0,0.0,0.0,0.0,0.0,0.0,0.0,0.0,0.0,0.0,0.0,0.0,0.0,0.0,0.0,0.0,0.0,1.0,0.0,0.0,50.0,22.0,Cluster 0,Cluster 1
2026-07-09 20:15:00.001000+00:00,53.4,19.5,50.0,19.8,20.8,19.6,0.0,0.0,0.0,0.0,0.0,0.0,0.0,0.0,0.0,0.0,0.0,0.0,0.0,0.0,0.0,0.0,0.0,0.0,0.0,1.0,0.0,0.0,50.0,22.0,Cluster 0,Cluster 0
2026-07-12 00:55:00.001000+00:00,52.8,19.7,49.4,19.9,20.7,19.6,0.0,3.6,13.0,0.1,10.0,0.0,0.0,0.0,0.0,0.0,0.0,0.0,0.0,0.0,0.0,0.0,0.0,0.0,0.0,1.0,0.0,40.0,50.0,22.0,Cluster 0,Cluster 0
2026-07-03 07:55:01.001000+00:00,50.0,18.2,49.8,19.9,20.5,20.4,0.0,0.0,0.0,0.0,0.0,0.0,0.0,0.0,0.0,0.0,0.0,0.0,0.0,0.0,0.0,0.0,0.0,0.0,0.0,1.0,0.0,0.0,50.0,22.0,Cluster 0,Cluster 0
2026-07-22 07:05:00.001000+00:00,51.2,17.6,51.3,19.8,20.2,20.1,0.0,0.0,0.0,0.0,0.0,0.0,0.0,0.0,0.0,0.0,0.0,0.0,0.0,0.0,0.0,0.0,0.0,0.0,0.0,1.0,0.0,0.0,50.0,22.0,Cluster 0,Cluster 0
2026-07-09 06:40:00.001000+00:00,51.9,17.3,50.9,19.2,19.9,19.6,0.0,0.0,0.0,0.0,0.0,0.0,0.0,0.0,0.0,0.0,0.0,0.0,0.0,0.0,0.0,0.0,0.0,0.0,0.0,1.0,0.0,0.0,50.0,22.0,Cluster 0,Cluster 0
2026-07-04 05:40:00.001000+00:00,52.1,17.3,52.9,19.9,20.1,20.3,0.0,0.0,0.0,0.0,0.0,0.0,0.0,0.0,0.0,0.0,0.0,0.0,0.0,0.0,0.0,0.0,0.0,0.0,0.0,1.0,0.0,0.0,50.0,22.0,Cluster 0,Cluster 0
2026-07-10 00:40:00.001000+00:00,53.0,19.7,48.9,19.9,20.8,19.6,0.0,0.0,0.0,0.0,0.0,0.0,0.0,0.0,0.0,0.0,0.0,0.0,0.0,0.0,0.0,0.0,0.0,0.0,0.0,1.0,0.0,0.0,50.0,22.0,Cluster 0,Cluster 0
2026-07-19 14:10:00.001000+00:00,53.9,19.3,51.0,20.0,20.8,19.9,0.0,0.0,0.0,0.0,0.0,0.0,0.0,0.0,0.0,0.0,0.0,0.0,0.0,0.0,0.0,0.0,0.0,0.0,0.0,1.0,0.0,0.0,50.0,22.0,Cluster 0,Cluster 0
2026-07-03 18:15:00.001000+00:00,51.3,20.1,48.0,20.6,21.2,20.1,0.0,0.0,0.0,0.0,0.0,0.0,0.0,0.0,0.0,0.0,0.0,0.0,0.0,0.0,0.0,0.0,0.0,0.0,0.0,1.0,0.0,0.0,50.0,22.0,Cluster 0,Cluster 1
2026-07-08 02:10:01.001000+00:00,53.6,19.9,49.9,20.0,20.9,19.7,0.0,0.0,0.0,0.0,0.0,0.0,0.0,0.0,0.0,0.0,0.0,0.0,0.0,0.0,0.0,0.0,0.0,0.0,0.0,1.0,0.0,0.0,50.0,22.0,Cluster 0,Cluster 0
2026-07-02 05:30:01.001000+00:00,51.9,17.3,52.9,19.9,20.1,20.3,0.0,0.0,0.0,0.0,0.0,0.0,0.0,0.0,0.0,0.0,0.0,0.0,0.0,0.0,0.0,0.0,0.0,0.0,0.0,1.0,0.0,0.0,50.0,22.0,Cluster 0,Cluster 0
2026-07-13 18:55:01.001000+00:00,50.1,20.6,46.9,21.0,21.6,20.5,0.0,0.0,0.0,0.0,0.0,0.0,0.0,0.0,0.0,0.0,0.0,0.0,0.0,0.0,0.0,0.0,0.0,0.0,0.0,1.0,0.0,0.0,50.0,22.0,Cluster 0,Cluster 1
2026-07-10 11:20:00.001000+00:00,51.7,18.4,49.3,19.5,20.4,19.5,0.0,0.0,0.0,0.0,0.0,0.0,0.0,0.0,0.0,0.0,0.0,0.0,0.0,0.0,0.0,0.0,0.0,0.0,0.0,1.0,0.0,0.0,50.0,22.0,Cluster 0,Cluster 0
2026-07-03 12:10:01.001000+00:00,51.2,19.3,48.8,20.2,21.0,20.1,0.0,0.0,0.0,0.0,0.0,0.0,0.0,0.0,0.0,0.0,0.0,0.0,0.0,0.0,0.0,0.0,0.0,0.0,0.0,1.0,0.0,0.0,50.0,22.0,Cluster 0,Cluster 1
2026-07-22 15:40:00.001000+00:00,52.0,19.6,49.9,20.2,21.0,20.3,0.0,0.0,0.0,0.0,0.0,0.0,0.0,0.0,0.0,0.0,0.0,0.0,0.0,0.0,0.0,0.0,0.0,0.0,0.0,1.0,0.0,0.0,50.0,22.0,Cluster 0,Cluster 1
2026-07-01 13:45:01.001000+00:00,52.0,19.6,48.7,20.4,21.1,20.0,0.0,0.0,0.0,0.0,0.0,0.0,0.0,0.0,0.0,0.0,0.0,0.0,0.0,0.0,0.0,0.0,0.0,0.0,0.0,1.0,0.0,0.0,50.0,22.0,Cluster 0,Cluster 1
2026-07-05 01:00:00.001000+00:00,52.8,20.6,49.7,20.8,21.3,20.3,0.0,0.0,0.0,0.0,0.0,0.0,0.0,0.0,0.0,0.0,0.0,0.0,0.0,0.0,0.0,0.0,0.0,0.0,0.0,1.0,0.0,0.0,50.0,22.0,Cluster 0,Cluster 1
2026-07-09 21:45:01.001000+00:00,53.4,19.6,50.0,19.9,20.7,19.6,0.0,0.0,0.0,0.0,0.0,0.0,0.0,0.0,0.0,0.0,0.0,0.0,0.0,0.0,0.0,0.0,0.0,0.0,0.0,1.0,0.0,0.0,50.0,22.0,Cluster 0,Cluster 0
2026-07-09 21:30:01.001000+00:00,53.7,19.6,50.0,19.8,20.8,19.6,0.0,0.0,0.0,0.0,0.0,0.0,0.0,0.0,0.0,0.0,0.0,0.0,0.0,0.0,0.0,0.0,0.0,0.0,0.0,1.0,0.0,0.0,50.0,22.0,Cluster 0,Cluster 0
2026-07-12 17:30:01.001000+00:00,50.5,19.2,47.8,20.6,21.2,20.3,0.0,0.0,0.0,0.0,0.0,0.0,0.0,0.0,0.0,0.0,0.0,0.0,0.0,0.0,0.0,0.0,0.0,0.0,0.0,1.0,0.0,0.0,50.0,22.0,Cluster 0,Cluster 1
2026-07-15 10:35:00.001000+00:00,48.2,19.1,46.6,20.5,21.1,20.4,0.0,0.0,0.0,0.0,0.0,0.0,0.0,0.0,0.0,0.0,0.0,0.0,0.0,0.0,0.0,0.0,0.0,0.0,0.0,1.0,0.0,0.0,50.0,22.0,Cluster 0,Cluster 1
2026-07-04 18:35:00.001000+00:00,51.3,20.2,48.6,20.6,21.2,20.2,0.0,0.0,0.0,0.0,0.0,0.0,0.0,0.0,0.0,0.0,0.0,0.0,0.0,0.0,0.0,0.0,0.0,0.0,0.0,1.0,0.0,0.0,50.0,22.0,Cluster 0,Cluster 1
2026-07-20 13:55:01.001000+00:00,49.2,19.2,49.6,20.0,20.8,20.8,0.0,0.0,0.0,0.0,0.0,0.0,0.0,0.0,0.0,0.0,0.0,0.0,0.0,0.0,0.0,0.0,0.0,0.0,0.0,1.0,0.0,0.0,50.0,22.0,Cluster 0,Cluster 1
2026-07-13 02:05:01.001000+00:00,49.6,20.6,46.7,21.0,21.5,20.5,0.0,0.0,0.0,0.0,0.0,0.0,0.0,0.0,0.0,0.0,0.0,0.0,0.0,0.0,0.0,0.0,0.0,0.0,0.0,1.0,0.0,0.0,50.0,22.0,Cluster 0,Cluster 1
2026-07-09 14:25:00.001000+00:00,53.0,18.9,49.9,19.6,20.6,19.6,0.0,0.0,0.0,0.0,0.0,0.0,0.0,0.0,0.0,0.0,0.0,0.0,0.0,0.0,0.0,0.0,0.0,0.0,0.0,1.0,0.0,0.0,50.0,22.0,Cluster 0,Cluster 0
2026-07-22 21:55:00.001000+00:00,52.7,20.2,49.6,20.5,21.2,20.2,0.0,0.0,0.0,0.0,0.0,0.0,0.0,0.0,0.0,0.0,0.0,0.0,0.0,0.0,0.0,0.0,0.0,0.0,0.0,1.0,0.0,0.0,50.0,22.0,Cluster 0,Cluster 1
2026-07-01 00:15:00.001000+00:00,53.2,20.6,49.9,20.8,21.3,20.2,0.0,0.0,0.0,0.0,0.0,0.0,0.0,0.0,0.0,0.0,0.0,0.0,0.0,0.0,0.0,0.0,0.0,0.0,0.0,1.0,0.0,0.0,50.0,22.0,Cluster 0,Cluster 1
2026-07-22 06:55:00.001000+00:00,51.4,17.6,51.5,19.8,20.1,20.1,0.0,0.0,0.0,0.0,0.0,0.0,0.0,0.0,0.0,0.0,0.0,0.0,0.0,0.0,0.0,0.0,0.0,0.0,0.0,1.0,0.0,0.0,50.0,22.0,Cluster 0,Cluster 0
2026-07-09 16:00:01.001000+00:00,53.0,19.1,49.9,19.7,20.7,19.7,0.0,0.0,0.0,0.0,0.0,0.0,0.0,0.0,0.0,0.0,0.0,0.0,0.0,0.0,0.0,0.0,0.0,0.0,0.0,1.0,0.0,0.0,50.0,22.0,Cluster 0,Cluster 0
2026-07-22 21:35:00.001000+00:00,53.0,20.2,49.9,20.5,21.2,20.2,0.0,0.0,0.0,0.0,0.0,0.0,0.0,0.0,0.0,0.0,0.0,0.0,0.0,0.0,0.0,0.0,0.0,0.0,0.0,1.0,0.0,0.0,50.0,22.0,Cluster 0,Cluster 1
2026-07-02 17:45:01.001000+00:00,51.6,20.1,48.0,20.6,21.2,20.0,0.0,0.0,0.0,0.0,0.0,0.0,0.0,0.0,0.0,0.0,0.0,0.0,0.0,0.0,0.0,0.0,0.0,0.0,0.0,1.0,0.0,0.0,50.0,22.0,Cluster 0,Cluster 1
2026-07-11 09:35:01.001000+00:00,51.5,18.1,49.1,19.4,20.3,19.6,0.0,0.0,0.0,0.0,0.0,0.0,0.0,0.0,0.0,0.0,0.0,0.0,0.0,0.0,0.0,0.0,0.0,0.0,0.0,1.0,0.0,0.0,50.0,22.0,Cluster 0,Cluster 0
2026-07-16 09:10:01.001000+00:00,48.1,18.7,46.7,20.3,20.9,20.4,0.0,0.0,0.0,0.0,0.0,0.0,0.0,0.0,0.0,0.0,0.0,0.0,0.0,0.0,0.0,0.0,0.0,0.0,0.0,1.0,0.0,0.0,50.0,22.0,Cluster 0,Cluster 1
2026-07-06 21:15:01.001000+00:00,53.8,19.6,50.4,19.9,20.8,19.7,0.0,0.0,0.0,0.0,0.0,0.0,0.0,0.0,0.0,0.0,0.0,0.0,0.0,0.0,0.0,0.0,0.0,0.0,0.0,1.0,0.0,0.0,50.0,22.0,Cluster 0,Cluster 0
2026-07-08 16:50:01.001000+00:00,53.3,19.4,49.9,19.8,20.8,19.7,0.0,0.0,0.0,0.0,0.0,0.0,0.0,0.0,0.0,0.0,0.0,0.0,0.0,0.0,0.0,0.0,0.0,0.0,0.0,1.0,0.0,0.0,50.0,22.0,Cluster 0,Cluster 0
2026-07-20 03:10:00.001000+00:00,52.2,20.4,48.9,20.5,21.1,20.0,0.0,0.0,0.0,0.0,0.0,0.0,0.0,0.0,0.0,0.0,0.0,0.0,0.0,0.0,0.0,0.0,0.0,0.0,0.0,1.0,0.0,0.0,50.0,22.0,Cluster 0,Cluster 1
2026-07-03 06:15:01.001000+00:00,51.7,17.6,52.5,19.7,20.1,20.3,0.0,0.0,0.0,0.0,0.0,0.0,0.0,0.0,0.0,0.0,0.0,0.0,0.0,0.0,0.0,0.0,0.0,0.0,0.0,1.0,0.0,0.0,50.0,22.0,Cluster 0,Cluster 0
2026-07-21 01:25:00.001000+00:00,51.9,20.5,48.3,20.7,21.2,20.1,0.0,0.0,0.0,0.0,0.0,0.0,0.0,0.0,0.0,0.0,0.0,0.0,0.0,0.0,0.0,0.0,0.0,0.0,0.0,1.0,0.0,0.0,50.0,22.0,Cluster 0,Cluster 1
2026-07-06 03:45:01.001000+00:00,53.0,16.3,51.5,19.5,20.2,19.7,0.0,0.0,0.0,0.0,0.0,0.0,0.0,0.0,0.0,0.0,0.0,0.0,0.0,0.0,0.0,0.0,0.0,0.0,0.0,1.0,0.0,0.0,50.0,22.0,Cluster 0,Cluster 0
2026-07-17 06:35:01.001000+00:00,48.0,17.8,48.7,20.1,20.4,20.6,0.0,0.0,0.0,0.0,0.0,0.0,0.0,0.0,0.0,0.0,0.0,0.0,0.0,0.0,0.0,0.0,0.0,0.0,0.0,1.0,0.0,0.0,50.0,22.0,Cluster 0,Cluster 1
2026-07-17 14:20:00.001000+00:00,50.3,20.1,46.8,20.8,21.5,20.3,0.0,0.0,0.0,0.0,0.0,0.0,0.0,0.0,0.0,0.0,0.0,0.0,0.0,0.0,0.0,0.0,0.0,0.0,0.0,1.0,0.0,0.0,50.0,22.0,Cluster 0,Cluster 1
2026-07-09 23:25:01.001000+00:00,53.9,19.7,50.0,19.9,20.8,19.6,0.0,0.0,0.0,0.0,0.0,0.0,0.0,0.0,0.0,0.0,0.0,0.0,0.0,0.0,0.0,0.0,0.0,0.0,0.0,1.0,0.0,0.0,50.0,22.0,Cluster 0,Cluster 0
2026-07-04 03:20:00.001000+00:00,52.8,20.7,49.7,20.8,21.3,20.3,0.0,0.0,0.0,0.0,0.0,0.0,0.0,0.0,0.0,0.0,0.0,0.0,0.0,0.0,0.0,0.0,0.0,0.0,0.0,1.0,0.0,0.0,50.0,22.0,Cluster 0,Cluster 1
2026-07-10 12:35:01.001000+00:00,51.9,18.7,48.9,19.5,20.5,19.5,0.0,0.0,0.0,0.0,0.0,0.0,0.0,0.0,0.0,0.0,0.0,0.0,0.0,0.0,0.0,0.0,0.0,0.0,0.0,1.0,0.0,0.0,50.0,22.0,Cluster 0,Cluster 0
2026-07-22 02:35:00.001000+00:00,53.2,20.5,49.8,20.6,21.2,20.1,0.0,0.0,0.0,0.0,0.0,0.0,0.0,0.0,0.0,0.0,0.0,0.0,0.0,0.0,0.0,0.0,0.0,0.0,0.0,1.0,0.0,0.0,50.0,22.0,Cluster 0,Cluster 1
2026-07-07 01:15:00.001000+00:00,53.6,19.8,49.9,20.0,20.9,19.7,0.0,0.0,0.0,0.0,0.0,0.0,0.0,0.0,0.0,0.0,0.0,0.0,0.0,0.0,0.0,0.0,0.0,0.0,0.0,1.0,0.0,0.0,50.0,22.0,Cluster 0,Cluster 0
2026-07-11 05:00:01.001000+00:00,52.6,16.7,52.7,19.2,19.6,19.6,0.0,0.0,0.0,0.0,0.0,0.0,0.0,0.0,0.0,0.0,0.0,0.0,0.0,0.0,0.0,0.0,0.0,0.0,0.0,1.0,0.0,0.0,50.0,22.0,Cluster 0,Cluster 0
2026-07-19 15:50:00.001000+00:00,53.8,19.5,51.0,20.1,20.9,20.0,0.0,0.0,0.0,0.0,0.0,0.0,0.0,0.0,0.0,0.0,0.0,0.0,0.0,0.0,0.0,0.0,0.0,0.0,0.0,1.0,0.0,0.0,50.0,22.0,Cluster 0,Cluster 0
2026-07-11 14:00:01.001000+00:00,51.2,18.9,50.0,19.6,20.5,20.1,0.0,0.0,0.0,0.0,0.0,0.0,0.0,0.0,0.0,0.0,0.0,0.0,0.0,0.0,0.0,0.0,0.0,0.0,0.0,1.0,0.0,0.0,50.0,22.0,Cluster 0,Cluster 0
2026-07-05 10:10:00.001000+00:00,50.6,18.4,48.5,19.7,20.4,19.7,0.0,0.0,0.0,0.0,0.0,0.0,0.0,0.0,0.0,0.0,0.0,0.0,0.0,0.0,0.0,0.0,0.0,0.0,0.0,1.0,0.0,0.0,50.0,22.0,Cluster 0,Cluster 0
2026-07-09 12:55:00.001000+00:00,52.2,18.8,49.4,19.5,20.6,19.7,0.0,0.0,0.0,0.0,0.0,0.0,0.0,0.0,0.0,0.0,0.0,0.0,0.0,0.0,0.0,0.0,0.0,0.0,0.0,1.0,0.0,0.0,50.0,22.0,Cluster 0,Cluster 0
2026-07-22 02:15:00.001000+00:00,53.7,20.5,50.3,20.6,21.2,20.1,0.0,0.0,0.0,0.0,0.0,0.0,0.0,0.0,0.0,0.0,0.0,0.0,0.0,0.0,0.0,0.0,0.0,0.0,0.0,1.0,0.0,0.0,50.0,22.0,Cluster 0,Cluster 1
2026-07-06 16:20:01.001000+00:00,53.1,19.3,50.0,19.8,20.7,19.7,0.0,0.0,0.0,0.0,0.0,0.0,0.0,0.0,0.0,0.0,0.0,0.0,0.0,0.0,0.0,0.0,0.0,0.0,0.0,1.0,0.0,0.0,50.0,22.0,Cluster 0,Cluster 0
2026-07-06 08:05:01.001000+00:00,51.2,17.9,50.0,19.5,20.2,19.8,0.0,0.0,0.0,0.0,0.0,0.0,0.0,0.0,0.0,0.0,0.0,0.0,0.0,0.0,0.0,0.0,0.0,0.0,0.0,1.0,0.0,0.0,50.0,22.0,Cluster 0,Cluster 0
2026-07-12 20:40:01.001000+00:00,51.6,19.9,48.9,20.8,21.3,20.4,0.0,0.0,0.0,0.0,0.0,0.0,0.0,0.0,0.0,0.0,0.0,0.0,0.0,0.0,0.0,0.0,0.0,0.0,0.0,1.0,0.0,0.0,50.0,22.0,Cluster 0,Cluster 1
2026-07-05 14:00:00.001000+00:00,53.1,19.0,50.0,19.8,20.7,19.7,0.0,0.0,0.0,0.0,0.0,0.0,0.0,0.0,0.0,0.0,0.0,0.0,0.0,0.0,0.0,0.0,0.0,0.0,0.0,1.0,0.0,0.0,50.0,22.0,Cluster 0,Cluster 0
2026-07-09 08:45:01.001000+00:00,51.8,17.9,50.0,19.3,20.2,19.6,0.0,0.0,0.0,0.0,0.0,0.0,0.0,0.0,0.0,0.0,0.0,0.0,0.0,0.0,0.0,0.0,0.0,0.0,0.0,1.0,0.0,0.0,50.0,22.0,Cluster 0,Cluster 0
2026-07-05 04:25:00.001000+00:00,52.6,16.7,51.7,19.7,19.9,19.6,0.0,0.0,0.0,0.0,0.0,0.0,0.0,0.0,0.0,0.0,0.0,0.0,0.0,0.0,0.0,0.0,0.0,0.0,0.0,1.0,0.0,0.0,50.0,22.0,Cluster 0,Cluster 0
2026-07-15 23:25:01.001000+00:00,52.0,20.9,48.7,21.2,21.6,20.5,0.0,0.0,0.0,0.0,0.0,0.0,0.0,0.0,0.0,0.0,0.0,0.0,0.0,0.0,0.0,0.0,0.0,0.0,0.0,1.0,0.0,0.0,50.0,22.0,Cluster 0,Cluster 1
2026-07-18 01:35:00.001000+00:00,51.6,21.1,48.6,21.3,21.6,20.6,0.0,0.0,0.0,0.0,0.0,0.0,0.0,0.0,0.0,0.0,0.0,0.0,0.0,0.0,0.0,0.0,0.0,0.0,0.0,1.0,0.0,0.0,50.0,22.0,Cluster 0,Cluster 1
2026-07-10 09:20:00.001000+00:00,51.5,18.1,49.4,19.4,20.3,19.6,0.0,0.0,0.0,0.0,0.0,0.0,0.0,0.0,0.0,0.0,0.0,0.0,0.0,0.0,0.0,0.0,0.0,0.0,0.0,1.0,0.0,0.0,50.0,22.0,Cluster 0,Cluster 0
2026-07-21 17:45:01.001000+00:00,52.0,19.8,49.9,20.2,21.1,20.3,0.0,0.0,0.0,0.0,0.0,0.0,0.0,0.0,0.0,0.0,0.0,0.0,0.0,0.0,0.0,0.0,0.0,0.0,0.0,1.0,0.0,0.0,50.0,22.0,Cluster 0,Cluster 1
2026-07-17 12:50:00.001000+00:00,49.2,19.8,46.2,20.7,21.4,20.4,0.0,0.0,0.0,0.0,0.0,0.0,0.0,0.0,0.0,0.0,0.0,0.0,0.0,0.0,0.0,0.0,0.0,0.0,0.0,1.0,0.0,0.0,50.0,22.0,Cluster 0,Cluster 1
2026-07-21 03:20:02.001000+00:00,52.8,20.6,48.8,20.8,21.2,19.9,0.0,0.0,0.0,0.0,0.0,0.0,0.0,0.0,0.0,0.0,0.0,0.0,0.0,0.0,0.0,0.0,0.0,0.0,0.0,1.0,0.0,0.0,50.0,22.0,Cluster 0,Cluster 1
2026-07-04 21:10:00.001000+00:00,53.3,20.4,49.9,20.7,21.3,20.2,0.0,0.0,0.0,0.0,0.0,0.0,0.0,0.0,0.0,0.0,0.0,0.0,0.0,0.0,0.0,0.0,0.0,0.0,0.0,1.0,0.0,0.0,50.0,22.0,Cluster 0,Cluster 1
2026-07-13 14:05:01.001000+00:00,50.3,20.0,46.9,20.7,21.4,20.2,0.0,0.0,0.0,0.0,0.0,0.0,0.0,0.0,0.0,0.0,0.0,0.0,0.0,0.0,0.0,0.0,0.0,0.0,0.0,1.0,0.0,0.0,50.0,22.0,Cluster 0,Cluster 1
2026-07-11 18:55:01.001000+00:00,53.3,19.4,49.9,19.7,20.7,19.6,0.0,0.0,0.0,0.0,0.0,0.0,0.0,0.0,0.0,0.0,0.0,0.0,0.0,0.0,0.0,0.0,0.0,0.0,0.0,1.0,0.0,0.0,50.0,22.0,Cluster 0,Cluster 0
2026-07-22 16:20:00.001000+00:00,52.1,19.6,49.7,20.2,21.0,20.2,0.0,0.0,0.0,0.0,0.0,0.0,0.0,0.0,0.0,0.0,0.0,0.0,0.0,0.0,0.0,0.0,0.0,0.0,0.0,1.0,0.0,0.0,50.0,22.0,Cluster 0,Cluster 1
2026-07-09 01:10:01.001000+00:00,53.2,19.8,49.5,20.0,20.8,19.6,0.0,0.0,0.0,0.0,0.0,0.0,0.0,0.0,0.0,0.0,0.0,0.0,0.0,0.0,0.0,0.0,0.0,0.0,0.0,1.0,0.0,0.0,50.0,22.0,Cluster 0,Cluster 0
2026-07-06 02:15:01.001000+00:00,53.6,19.9,49.9,20.0,20.9,19.7,0.0,0.0,0.0,0.0,0.0,0.0,0.0,0.0,0.0,0.0,0.0,0.0,0.0,0.0,0.0,0.0,0.0,0.0,0.0,1.0,0.0,0.0,50.0,22.0,Cluster 0,Cluster 0
2026-07-07 11:55:01.001000+00:00,51.6,18.7,48.9,19.6,20.6,19.7,0.0,0.0,0.0,0.0,0.0,0.0,0.0,0.0,0.0,0.0,0.0,0.0,0.0,0.0,0.0,0.0,0.0,0.0,0.0,1.0,0.0,0.0,50.0,22.0,Cluster 0,Cluster 0
2026-07-20 05:05:00.001000+00:00,51.2,16.7,52.2,19.7,19.7,19.9,0.0,0.0,0.0,0.0,0.0,0.0,0.0,0.0,0.0,0.0,0.0,0.0,0.0,0.0,0.0,0.0,0.0,0.0,0.0,1.0,0.0,0.0,50.0,22.0,Cluster 0,Cluster 0
2026-07-21 23:35:01.001000+00:00,53.0,20.3,49.9,20.5,21.2,20.2,0.0,0.0,0.0,0.0,0.0,0.0,0.0,0.0,0.0,0.0,0.0,0.0,0.0,0.0,0.0,0.0,0.0,0.0,0.0,1.0,0.0,0.0,50.0,22.0,Cluster 0,Cluster 1
2026-07-03 02:15:00.001000+00:00,52.8,20.6,49.7,20.8,21.3,20.3,0.0,0.0,0.0,0.0,0.0,0.0,0.0,0.0,0.0,0.0,0.0,0.0,0.0,0.0,0.0,0.0,0.0,0.0,0.0,1.0,0.0,0.0,50.0,22.0,Cluster 0,Cluster 1
2026-07-11 13:20:01.001000+00:00,52.6,18.8,49.8,19.6,20.5,19.6,0.0,0.0,0.0,0.0,0.0,0.0,0.0,0.0,0.0,0.0,0.0,0.0,0.0,0.0,0.0,0.0,0.0,0.0,0.0,1.0,0.0,0.0,50.0,22.0,Cluster 0,Cluster 0
2026-07-05 11:25:01.001000+00:00,51.8,18.7,49.4,19.7,20.5,19.7,0.0,0.0,0.0,0.0,0.0,0.0,0.0,0.0,0.0,0.0,0.0,0.0,0.0,0.0,0.0,0.0,0.0,0.0,0.0,1.0,0.0,0.0,50.0,22.0,Cluster 0,Cluster 0
2026-07-20 21:25:01.001000+00:00,50.6,20.3,47.7,20.5,21.2,20.2,0.0,0.0,0.0,0.0,0.0,0.0,0.0,0.0,0.0,0.0,0.0,0.0,0.0,0.0,0.0,0.0,0.0,0.0,0.0,1.0,0.0,0.0,50.0,22.0,Cluster 0,Cluster 1
2026-07-21 02:30:02.001000+00:00,52.6,20.5,48.6,20.7,21.2,20.0,0.0,0.0,0.0,0.0,0.0,0.0,0.0,0.0,0.0,0.0,0.0,0.0,0.0,0.0,0.0,0.0,0.0,0.0,0.0,1.0,0.0,0.0,50.0,22.0,Cluster 0,Cluster 1
2026-07-21 16:00:02.001000+00:00,51.5,19.5,49.7,20.2,20.9,20.3,0.0,0.0,0.0,0.0,0.0,0.0,0.0,0.0,0.0,0.0,0.0,0.0,0.0,0.0,0.0,0.0,0.0,0.0,0.0,1.0,0.0,0.0,50.0,22.0,Cluster 0,Cluster 1
2026-07-12 05:55:01.001000+00:00,52.7,16.1,49.6,20.2,20.6,19.6,0.0,9.7,36.0,10.3,10.0,1.0,1.0,1.0,1.0,0.0,0.0,0.0,0.0,0.0,0.0,0.0,0.0,0.0,0.0,1.0,0.0,40.0,50.0,22.0,Cluster 1,Cluster 0
2026-07-02 06:45:01.001000+00:00,50.8,17.8,50.9,19.9,20.3,20.3,0.0,0.0,0.0,0.0,0.0,0.0,0.0,0.0,0.0,0.0,0.0,0.0,0.0,0.0,0.0,0.0,0.0,0.0,0.0,1.0,0.0,0.0,50.0,22.0,Cluster 0,Cluster 0
2026-07-12 09:20:01.001000+00:00,51.2,16.1,48.2,20.3,20.7,19.7,0.0,9.5,36.0,10.5,0.0,0.0,0.0,0.0,0.0,0.0,0.0,0.0,0.0,0.0,0.0,0.0,0.0,0.0,0.0,1.0,0.0,0.0,50.0,22.0,Cluster 0,Cluster 0
2026-07-20 14:15:02.001000+00:00,48.9,19.3,49.3,20.1,20.8,20.9,0.0,0.0,0.0,0.0,0.0,0.0,0.0,0.0,0.0,0.0,0.0,0.0,0.0,0.0,0.0,0.0,0.0,0.0,0.0,1.0,0.0,0.0,50.0,22.0,Cluster 0,Cluster 1
2026-07-13 09:15:01.001000+00:00,48.7,18.7,47.8,20.3,20.9,20.6,0.0,0.0,0.0,0.0,0.0,0.0,0.0,0.0,0.0,0.0,0.0,0.0,0.0,0.0,0.0,0.0,0.0,0.0,0.0,1.0,0.0,0.0,50.0,22.0,Cluster 0,Cluster 1
2026-07-13 21:30:01.001000+00:00,52.0,20.8,48.7,21.1,21.6,20.5,0.0,0.0,0.0,0.0,0.0,0.0,0.0,0.0,0.0,0.0,0.0,0.0,0.0,0.0,0.0,0.0,0.0,0.0,0.0,1.0,0.0,0.0,50.0,22.0,Cluster 0,Cluster 1
2026-07-21 02:40:01.001000+00:00,52.7,20.6,48.6,20.7,21.2,19.9,0.0,0.0,0.0,0.0,0.0,0.0,0.0,0.0,0.0,0.0,0.0,0.0,0.0,0.0,0.0,0.0,0.0,0.0,0.0,1.0,0.0,0.0,50.0,22.0,Cluster 0,Cluster 1
2026-07-17 15:05:00.001000+00:00,51.3,20.2,47.7,20.9,21.5,20.3,0.0,0.0,0.0,0.0,0.0,0.0,0.0,0.0,0.0,0.0,0.0,0.0,0.0,0.0,0.0,0.0,0.0,0.0,0.0,1.0,0.0,0.0,50.0,22.0,Cluster 0,Cluster 1
2026-07-08 06:55:01.001000+00:00,51.2,17.5,50.4,19.4,20.1,19.8,0.0,0.0,0.0,0.0,0.0,0.0,0.0,0.0,0.0,0.0,0.0,0.0,0.0,0.0,0.0,0.0,0.0,0.0,0.0,1.0,0.0,0.0,50.0,22.0,Cluster 0,Cluster 0
2026-07-13 20:25:00.001000+00:00,51.6,20.8,48.3,21.1,21.6,20.5,0.0,0.0,0.0,0.0,0.0,0.0,0.0,0.0,0.0,0.0,0.0,0.0,0.0,0.0,0.0,0.0,0.0,0.0,0.0,1.0,0.0,0.0,50.0,22.0,Cluster 0,Cluster 1
2026-07-03 11:55:00.001000+00:00,50.2,19.3,48.7,20.2,20.9,20.4,0.0,0.0,0.0,0.0,0.0,0.0,0.0,0.0,0.0,0.0,0.0,0.0,0.0,0.0,0.0,0.0,0.0,0.0,0.0,1.0,0.0,0.0,50.0,22.0,Cluster 0,Cluster 1
2026-07-16 09:00:00.001000+00:00,48.7,18.7,47.6,20.3,20.8,20.5,0.0,0.0,0.0,0.0,0.0,0.0,0.0,0.0,0.0,0.0,0.0,0.0,0.0,0.0,0.0,0.0,0.0,0.0,0.0,1.0,0.0,0.0,50.0,22.0,Cluster 0,Cluster 1
2026-07-19 05:55:02.001000+00:00,51.8,17.1,52.6,19.7,19.9,20.1,0.0,0.0,0.0,0.0,0.0,0.0,0.0,0.0,0.0,0.0,0.0,0.0,0.0,0.0,0.0,0.0,0.0,0.0,0.0,1.0,0.0,0.0,50.0,22.0,Cluster 0,Cluster 0
2026-07-07 21:05:01.001000+00:00,53.8,19.7,50.4,20.0,20.9,19.8,0.0,0.0,0.0,0.0,0.0,0.0,0.0,0.0,0.0,0.0,0.0,0.0,0.0,0.0,0.0,0.0,0.0,0.0,0.0,1.0,0.0,0.0,50.0,22.0,Cluster 0,Cluster 0
2026-07-08 05:10:01.001000+00:00,52.6,16.9,52.7,19.4,19.8,19.7,0.0,0.0,0.0,0.0,0.0,0.0,0.0,0.0,0.0,0.0,0.0,0.0,0.0,0.0,0.0,0.0,0.0,0.0,0.0,1.0,0.0,0.0,50.0,22.0,Cluster 0,Cluster 0
2026-07-09 22:35:01.001000+00:00,53.7,19.6,50.0,19.9,20.8,19.6,0.0,0.0,0.0,0.0,0.0,0.0,0.0,0.0,0.0,0.0,0.0,0.0,0.0,0.0,0.0,0.0,0.0,0.0,0.0,1.0,0.0,0.0,50.0,22.0,Cluster 0,Cluster 0
2026-07-07 08:20:00.001000+00:00,51.3,17.9,49.5,19.5,20.3,19.7,0.0,0.0,0.0,0.0,0.0,0.0,0.0,0.0,0.0,0.0,0.0,0.0,0.0,0.0,0.0,0.0,0.0,0.0,0.0,1.0,0.0,0.0,50.0,22.0,Cluster 0,Cluster 0
2026-07-08 03:00:01.001000+00:00,53.8,19.9,50.0,20.0,20.8,19.7,0.0,0.0,0.0,0.0,0.0,0.0,0.0,0.0,0.0,0.0,0.0,0.0,0.0,0.0,0.0,0.0,0.0,0.0,0.0,1.0,0.0,0.0,50.0,22.0,Cluster 0,Cluster 0
2026-07-13 15:55:01.001000+00:00,50.3,20.2,46.8,20.8,21.5,20.3,0.0,0.0,0.0,0.0,0.0,0.0,0.0,0.0,0.0,0.0,0.0,0.0,0.0,0.0,0.0,0.0,0.0,0.0,0.0,1.0,0.0,0.0,50.0,22.0,Cluster 0,Cluster 1
2026-07-20 08:40:00.001000+00:00,53.0,18.1,51.8,19.7,20.3,19.9,0.0,0.0,0.0,0.0,0.0,0.0,0.0,0.0,0.0,0.0,0.0,0.0,0.0,0.0,0.0,0.0,0.0,0.0,0.0,1.0,0.0,0.0,50.0,22.0,Cluster 0,Cluster 0
2026-07-05 10:50:01.001000+00:00,51.7,18.5,49.0,19.7,20.5,19.6,0.0,0.0,0.0,0.0,0.0,0.0,0.0,0.0,0.0,0.0,0.0,0.0,0.0,0.0,0.0,0.0,0.0,0.0,0.0,1.0,0.0,0.0,50.0,22.0,Cluster 0,Cluster 0
2026-07-04 20:10:00.001000+00:00,53.2,20.3,49.8,20.7,21.3,20.2,0.0,0.0,0.0,0.0,0.0,0.0,0.0,0.0,0.0,0.0,0.0,0.0,0.0,0.0,0.0,0.0,0.0,0.0,0.0,1.0,0.0,0.0,50.0,22.0,Cluster 0,Cluster 1
2026-07-13 17:10:01.001000+00:00,50.6,20.4,46.8,20.9,21.5,20.2,0.0,0.0,0.0,0.0,0.0,0.0,0.0,0.0,0.0,0.0,0.0,0.0,0.0,0.0,0.0,0.0,0.0,0.0,0.0,1.0,0.0,0.0,50.0,22.0,Cluster 0,Cluster 1
2026-07-06 04:35:00.001000+00:00,52.6,16.7,52.7,19.4,19.7,19.7,0.0,0.0,0.0,0.0,0.0,0.0,0.0,0.0,0.0,0.0,0.0,0.0,0.0,0.0,0.0,0.0,0.0,0.0,0.0,1.0,0.0,0.0,50.0,22.0,Cluster 0,Cluster 0
2026-07-19 19:50:00.001000+00:00,53.0,19.9,49.9,20.3,21.0,20.0,0.0,0.0,0.0,0.0,0.0,0.0,0.0,0.0,0.0,0.0,0.0,0.0,0.0,0.0,0.0,0.0,0.0,0.0,0.0,1.0,0.0,0.0,50.0,22.0,Cluster 0,Cluster 1
2026-07-12 04:15:01.001000+00:00,52.8,16.1,49.7,20.2,20.6,19.6,0.0,9.7,36.0,10.3,10.0,1.0,1.0,1.0,1.0,0.0,0.0,0.0,0.0,0.0,0.0,0.0,0.0,0.0,0.0,1.0,0.0,40.0,50.0,22.0,Cluster 1,Cluster 0
2026-07-10 12:55:01.001000+00:00,52.0,18.7,49.0,19.5,20.5,19.5,0.0,0.0,0.0,0.0,0.0,0.0,0.0,0.0,0.0,0.0,0.0,0.0,0.0,0.0,0.0,0.0,0.0,0.0,0.0,1.0,0.0,0.0,50.0,22.0,Cluster 0,Cluster 0
2026-07-08 19:30:01.001000+00:00,53.4,19.5,50.0,19.9,20.8,19.6,0.0,0.0,0.0,0.0,0.0,0.0,0.0,0.0,0.0,0.0,0.0,0.0,0.0,0.0,0.0,0.0,0.0,0.0,0.0,1.0,0.0,0.0,50.0,22.0,Cluster 0,Cluster 0
2026-07-07 15:15:01.001000+00:00,53.6,19.2,50.4,19.7,20.7,19.7,0.0,0.0,0.0,0.0,0.0,0.0,0.0,0.0,0.0,0.0,0.0,0.0,0.0,0.0,0.0,0.0,0.0,0.0,0.0,1.0,0.0,0.0,50.0,22.0,Cluster 0,Cluster 0
2026-07-16 17:25:01.001000+00:00,50.7,20.5,46.9,21.0,21.5,20.2,0.0,0.0,0.0,0.0,0.0,0.0,0.0,0.0,0.0,0.0,0.0,0.0,0.0,0.0,0.0,0.0,0.0,0.0,0.0,1.0,0.0,0.0,50.0,22.0,Cluster 0,Cluster 1
2026-07-17 13:50:00.001000+00:00,50.3,20.0,46.8,20.8,21.5,20.3,0.0,0.0,0.0,0.0,0.0,0.0,0.0,0.0,0.0,0.0,0.0,0.0,0.0,0.0,0.0,0.0,0.0,0.0,0.0,1.0,0.0,0.0,50.0,22.0,Cluster 0,Cluster 1
2026-07-04 00:20:01.001000+00:00,53.2,20.5,49.8,20.7,21.3,20.2,0.0,0.0,0.0,0.0,0.0,0.0,0.0,0.0,0.0,0.0,0.0,0.0,0.0,0.0,0.0,0.0,0.0,0.0,0.0,1.0,0.0,0.0,50.0,22.0,Cluster 0,Cluster 1
2026-07-08 11:45:01.001000+00:00,51.4,18.6,49.0,19.6,20.6,19.8,0.0,0.0,0.0,0.0,0.0,0.0,0.0,0.0,0.0,0.0,0.0,0.0,0.0,0.0,0.0,0.0,0.0,0.0,0.0,1.0,0.0,0.0,50.0,22.0,Cluster 0,Cluster 0
2026-07-18 16:35:00.001000+00:00,52.3,19.8,49.9,20.3,21.0,20.2,0.0,0.0,0.0,0.0,0.0,0.0,0.0,0.0,0.0,0.0,0.0,0.0,0.0,0.0,0.0,0.0,0.0,0.0,0.0,1.0,0.0,0.0,50.0,22.0,Cluster 0,Cluster 1
2026-07-17 14:55:00.001000+00:00,50.9,20.2,47.3,20.9,21.5,20.3,0.0,0.0,0.0,0.0,0.0,0.0,0.0,0.0,0.0,0.0,0.0,0.0,0.0,0.0,0.0,0.0,0.0,0.0,0.0,1.0,0.0,0.0,50.0,22.0,Cluster 0,Cluster 1
2026-07-02 10:10:01.001000+00:00,49.4,18.9,48.0,20.2,20.8,20.3,0.0,0.0,0.0,0.0,0.0,0.0,0.0,0.0,0.0,0.0,0.0,0.0,0.0,0.0,0.0,0.0,0.0,0.0,0.0,1.0,0.0,0.0,50.0,22.0,Cluster 0,Cluster 1
2026-07-21 15:55:02.001000+00:00,51.6,19.5,49.8,20.2,20.9,20.3,0.0,0.0,0.0,0.0,0.0,0.0,0.0,0.0,0.0,0.0,0.0,0.0,0.0,0.0,0.0,0.0,0.0,0.0,0.0,1.0,0.0,0.0,50.0,22.0,Cluster 0,Cluster 1
2026-07-21 02:25:01.001000+00:00,52.4,20.6,48.7,20.7,21.2,20.0,0.0,0.0,0.0,0.0,0.0,0.0,0.0,0.0,0.0,0.0,0.0,0.0,0.0,0.0,0.0,0.0,0.0,0.0,0.0,1.0,0.0,0.0,50.0,22.0,Cluster 0,Cluster 1
2026-07-16 10:00:01.001000+00:00,49.4,19.0,47.7,20.4,21.0,20.4,0.0,0.0,0.0,0.0,0.0,0.0,0.0,0.0,0.0,0.0,0.0,0.0,0.0,0.0,0.0,0.0,0.0,0.0,0.0,1.0,0.0,0.0,50.0,22.0,Cluster 0,Cluster 1
2026-07-17 19:10:00.001000+00:00,52.7,20.7,49.3,21.1,21.6,20.5,0.0,0.0,0.0,0.0,0.0,0.0,0.0,0.0,0.0,0.0,0.0,0.0,0.0,0.0,0.0,0.0,0.0,0.0,0.0,1.0,0.0,0.0,50.0,22.0,Cluster 0,Cluster 1
2026-07-17 05:30:01.001000+00:00,48.1,17.3,49.4,20.0,20.2,20.5,0.0,0.0,0.0,0.0,0.0,0.0,0.0,0.0,0.0,0.0,0.0,0.0,0.0,0.0,0.0,0.0,0.0,0.0,0.0,1.0,0.0,0.0,50.0,22.0,Cluster 0,Cluster 0
2026-07-06 03:30:01.001000+00:00,51.2,16.2,47.9,19.6,20.8,19.7,0.0,0.0,0.0,0.0,0.0,0.0,0.0,0.0,0.0,0.0,0.0,0.0,0.0,0.0,0.0,0.0,0.0,0.0,0.0,1.0,0.0,0.0,50.0,22.0,Cluster 0,Cluster 0
2026-07-05 21:30:01.001000+00:00,53.8,19.7,50.4,20.0,20.8,19.7,0.0,0.0,0.0,0.0,0.0,0.0,0.0,0.0,0.0,0.0,0.0,0.0,0.0,0.0,0.0,0.0,0.0,0.0,0.0,1.0,0.0,0.0,50.0,22.0,Cluster 0,Cluster 0
2026-07-18 12:40:01.001000+00:00,52.1,19.2,50.0,20.1,20.8,20.1,0.0,0.0,0.0,0.0,0.0,0.0,0.0,0.0,0.0,0.0,0.0,0.0,0.0,0.0,0.0,0.0,0.0,0.0,0.0,1.0,0.0,0.0,50.0,22.0,Cluster 0,Cluster 0
2026-07-20 20:15:01.001000+00:00,50.5,20.2,47.8,20.5,21.2,20.3,0.0,0.0,0.0,0.0,0.0,0.0,0.0,0.0,0.0,0.0,0.0,0.0,0.0,0.0,0.0,0.0,0.0,0.0,0.0,1.0,0.0,0.0,50.0,22.0,Cluster 0,Cluster 1
2026-07-02 05:40:01.001000+00:00,52.1,17.3,53.0,19.9,20.1,20.3,0.0,0.0,0.0,0.0,0.0,0.0,0.0,0.0,0.0,0.0,0.0,0.0,0.0,0.0,0.0,0.0,0.0,0.0,0.0,1.0,0.0,0.0,50.0,22.0,Cluster 0,Cluster 0
2026-07-13 17:30:01.001000+00:00,50.6,20.5,46.8,21.0,21.5,20.2,0.0,0.0,0.0,0.0,0.0,0.0,0.0,0.0,0.0,0.0,0.0,0.0,0.0,0.0,0.0,0.0,0.0,0.0,0.0,1.0,0.0,0.0,50.0,22.0,Cluster 0,Cluster 1
2026-07-20 02:45:00.001000+00:00,51.9,20.4,48.6,20.5,21.1,20.0,0.0,0.0,0.0,0.0,0.0,0.0,0.0,0.0,0.0,0.0,0.0,0.0,0.0,0.0,0.0,0.0,0.0,0.0,0.0,1.0,0.0,0.0,50.0,22.0,Cluster 0,Cluster 1
2026-07-16 03:15:01.001000+00:00,48.7,21.2,45.6,21.3,21.6,20.5,0.0,0.0,0.0,0.0,0.0,0.0,0.0,0.0,0.0,0.0,0.0,0.0,0.0,0.0,0.0,0.0,0.0,0.0,0.0,1.0,0.0,0.0,50.0,22.0,Cluster 0,Cluster 1
2026-07-04 19:55:00.001000+00:00,52.5,20.3,49.8,20.7,21.2,20.3,0.0,0.0,0.0,0.0,0.0,0.0,0.0,0.0,0.0,0.0,0.0,0.0,0.0,0.0,0.0,0.0,0.0,0.0,0.0,1.0,0.0,0.0,50.0,22.0,Cluster 0,Cluster 1
2026-07-15 00:20:00.001000+00:00,52.5,21.0,48.8,21.3,21.6,20.4,0.0,0.0,0.0,0.0,0.0,0.0,0.0,0.0,0.0,0.0,0.0,0.0,0.0,0.0,0.0,0.0,0.0,0.0,0.0,1.0,0.0,0.0,50.0,22.0,Cluster 0,Cluster 1
2026-07-11 02:10:01.001000+00:00,53.3,19.7,49.9,19.9,20.7,19.6,0.0,0.0,0.0,0.0,0.0,0.0,0.0,0.0,0.0,0.0,0.0,0.0,0.0,0.0,0.0,0.0,0.0,0.0,0.0,1.0,0.0,0.0,50.0,22.0,Cluster 0,Cluster 0
2026-07-12 09:10:01.001000+00:00,51.0,16.1,48.0,20.4,20.7,19.7,0.0,9.2,35.0,10.5,10.0,1.0,1.0,1.0,1.0,0.0,0.0,0.0,0.0,0.0,0.0,0.0,0.0,0.0,0.0,1.0,0.0,40.0,50.0,22.0,Cluster 1,Cluster 0
2026-07-01 04:10:00.001000+00:00,51.7,16.7,52.8,20.0,20.0,20.3,0.0,0.0,0.0,0.0,0.0,0.0,0.0,0.0,0.0,0.0,0.0,0.0,0.0,0.0,0.0,0.0,0.0,0.0,0.0,1.0,0.0,0.0,50.0,22.0,Cluster 0,Cluster 0
2026-07-11 02:30:01.001000+00:00,53.3,19.7,49.9,19.9,20.7,19.6,0.0,0.0,0.0,0.0,0.0,0.0,0.0,0.0,0.0,0.0,0.0,0.0,0.0,0.0,0.0,0.0,0.0,0.0,0.0,1.0,0.0,0.0,50.0,22.0,Cluster 0,Cluster 0
2026-07-20 22:05:02.001000+00:00,50.6,20.3,47.7,20.6,21.2,20.2,0.0,0.0,0.0,0.0,0.0,0.0,0.0,0.0,0.0,0.0,0.0,0.0,0.0,0.0,0.0,0.0,0.0,0.0,0.0,1.0,0.0,0.0,50.0,22.0,Cluster 0,Cluster 1
2026-07-14 16:40:01.001000+00:00,50.6,20.4,46.8,20.9,21.5,20.2,0.0,0.0,0.0,0.0,0.0,0.0,0.0,0.0,0.0,0.0,0.0,0.0,0.0,0.0,0.0,0.0,0.0,0.0,0.0,1.0,0.0,0.0,50.0,22.0,Cluster 0,Cluster 1
2026-07-12 04:50:01.001000+00:00,52.6,16.1,49.6,20.2,20.6,19.6,0.0,9.4,36.0,10.3,10.0,1.0,1.0,1.0,1.0,0.0,0.0,0.0,0.0,0.0,0.0,0.0,0.0,0.0,0.0,1.0,0.0,40.0,50.0,22.0,Cluster 1,Cluster 0
2026-07-04 11:15:01.001000+00:00,50.5,19.1,48.7,20.2,20.9,20.3,0.0,0.0,0.0,0.0,0.0,0.0,0.0,0.0,0.0,0.0,0.0,0.0,0.0,0.0,0.0,0.0,0.0,0.0,0.0,1.0,0.0,0.0,50.0,22.0,Cluster 0,Cluster 1
2026-07-22 09:35:00.001000+00:00,51.5,18.4,50.3,19.9,20.5,20.1,0.0,0.0,0.0,0.0,0.0,0.0,0.0,0.0,0.0,0.0,0.0,0.0,0.0,0.0,0.0,0.0,0.0,0.0,0.0,1.0,0.0,0.0,50.0,22.0,Cluster 0,Cluster 0
2026-07-02 15:15:01.001000+00:00,51.8,19.8,48.8,20.5,21.1,20.1,0.0,0.0,0.0,0.0,0.0,0.0,0.0,0.0,0.0,0.0,0.0,0.0,0.0,0.0,0.0,0.0,0.0,0.0,0.0,1.0,0.0,0.0,50.0,22.0,Cluster 0,Cluster 1
2026-07-18 20:40:00.001000+00:00,55.9,20.2,52.3,20.5,21.1,20.0,0.0,0.0,0.0,0.0,0.0,0.0,0.0,0.0,0.0,0.0,0.0,0.0,0.0,0.0,0.0,0.0,0.0,0.0,0.0,1.0,0.0,0.0,50.0,22.0,Cluster 0,Cluster 0
2026-07-04 21:00:01.001000+00:00,53.3,20.4,49.9,20.7,21.3,20.2,0.0,0.0,0.0,0.0,0.0,0.0,0.0,0.0,0.0,0.0,0.0,0.0,0.0,0.0,0.0,0.0,0.0,0.0,0.0,1.0,0.0,0.0,50.0,22.0,Cluster 0,Cluster 1
2026-07-07 02:30:00.001000+00:00,53.8,19.9,50.0,20.0,20.9,19.7,0.0,0.0,0.0,0.0,0.0,0.0,0.0,0.0,0.0,0.0,0.0,0.0,0.0,0.0,0.0,0.0,0.0,0.0,0.0,1.0,0.0,0.0,50.0,22.0,Cluster 0,Cluster 0
2026-07-07 05:35:01.001000+00:00,52.9,17.1,52.6,19.4,19.8,19.7,0.0,0.0,0.0,0.0,0.0,0.0,0.0,0.0,0.0,0.0,0.0,0.0,0.0,0.0,0.0,0.0,0.0,0.0,0.0,1.0,0.0,0.0,50.0,22.0,Cluster 0,Cluster 0
2026-07-22 07:30:00.001000+00:00,51.1,17.8,50.9,19.8,20.2,20.1,0.0,0.0,0.0,0.0,0.0,0.0,0.0,0.0,0.0,0.0,0.0,0.0,0.0,0.0,0.0,0.0,0.0,0.0,0.0,1.0,0.0,0.0,50.0,22.0,Cluster 0,Cluster 0
2026-07-12 13:20:01.001000+00:00,50.3,17.9,48.8,20.4,20.8,20.3,0.0,0.0,0.0,0.0,0.0,0.0,0.0,0.0,0.0,0.0,0.0,0.0,0.0,0.0,0.0,0.0,0.0,0.0,0.0,1.0,0.0,0.0,50.0,22.0,Cluster 0,Cluster 1
2026-07-22 18:00:00.001000+00:00,52.5,19.9,49.7,20.4,21.1,20.2,0.0,0.0,0.0,0.0,0.0,0.0,0.0,0.0,0.0,0.0,0.0,0.0,0.0,0.0,0.0,0.0,0.0,0.0,0.0,1.0,0.0,0.0,50.0,22.0,Cluster 0,Cluster 1
2026-07-13 18:25:01.001000+00:00,49.6,20.6,46.7,21.0,21.5,20.5,0.0,0.0,0.0,0.0,0.0,0.0,0.0,0.0,0.0,0.0,0.0,0.0,0.0,0.0,0.0,0.0,0.0,0.0,0.0,1.0,0.0,0.0,50.0,22.0,Cluster 0,Cluster 1
2026-07-12 17:45:02.001000+00:00,50.3,19.3,47.7,20.6,21.2,20.3,0.0,0.0,0.0,0.0,0.0,0.0,0.0,0.0,0.0,0.0,0.0,0.0,0.0,0.0,0.0,0.0,0.0,0.0,0.0,1.0,0.0,0.0,50.0,22.0,Cluster 0,Cluster 1
2026-07-16 00:30:01.001000+00:00,51.3,21.0,47.8,21.2,21.6,20.4,0.0,0.0,0.0,0.0,0.0,0.0,0.0,0.0,0.0,0.0,0.0,0.0,0.0,0.0,0.0,0.0,0.0,0.0,0.0,1.0,0.0,0.0,50.0,22.0,Cluster 0,Cluster 1
2026-07-18 04:45:00.001000+00:00,52.0,16.8,52.4,19.7,19.9,20.1,0.0,0.0,0.0,0.0,0.0,0.0,0.0,0.0,0.0,0.0,0.0,0.0,0.0,0.0,0.0,0.0,0.0,0.0,0.0,1.0,0.0,0.0,50.0,22.0,Cluster 0,Cluster 0
2026-07-12 22:35:01.001000+00:00,52.0,20.2,49.3,20.9,21.4,20.4,0.0,0.0,0.0,0.0,0.0,0.0,0.0,0.0,0.0,0.0,0.0,0.0,0.0,0.0,0.0,0.0,0.0,0.0,0.0,1.0,0.0,0.0,50.0,22.0,Cluster 0,Cluster 1
2026-07-11 07:50:01.001000+00:00,52.0,17.7,50.5,19.3,20.1,19.6,0.0,0.0,0.0,0.0,0.0,0.0,0.0,0.0,0.0,0.0,0.0,0.0,0.0,0.0,0.0,0.0,0.0,0.0,0.0,1.0,0.0,0.0,50.0,22.0,Cluster 0,Cluster 0
2026-07-15 05:35:00.001000+00:00,48.7,17.2,49.4,20.1,20.2,20.4,0.0,0.0,0.0,0.0,0.0,0.0,0.0,0.0,0.0,0.0,0.0,0.0,0.0,0.0,0.0,0.0,0.0,0.0,0.0,1.0,0.0,0.0,50.0,22.0,Cluster 0,Cluster 0
2026-07-20 20:05:02.001000+00:00,50.5,20.1,47.8,20.5,21.2,20.3,0.0,0.0,0.0,0.0,0.0,0.0,0.0,0.0,0.0,0.0,0.0,0.0,0.0,0.0,0.0,0.0,0.0,0.0,0.0,1.0,0.0,0.0,50.0,22.0,Cluster 0,Cluster 1
2026-07-15 14:20:00.001000+00:00,50.7,20.0,47.2,20.8,21.4,20.2,0.0,0.0,0.0,0.0,0.0,0.0,0.0,0.0,0.0,0.0,0.0,0.0,0.0,0.0,0.0,0.0,0.0,0.0,0.0,1.0,0.0,0.0,50.0,22.0,Cluster 0,Cluster 1
2026-07-21 21:55:01.001000+00:00,53.7,20.2,50.6,20.5,21.2,20.2,0.0,0.0,0.0,0.0,0.0,0.0,0.0,0.0,0.0,0.0,0.0,0.0,0.0,0.0,0.0,0.0,0.0,0.0,0.0,1.0,0.0,0.0,50.0,22.0,Cluster 0,Cluster 1
2026-07-02 19:55:00.001000+00:00,53.1,20.3,49.7,20.7,21.3,20.2,0.0,0.0,0.0,0.0,0.0,0.0,0.0,0.0,0.0,0.0,0.0,0.0,0.0,0.0,0.0,0.0,0.0,0.0,0.0,1.0,0.0,0.0,50.0,22.0,Cluster 0,Cluster 1
2026-07-06 20:55:02.001000+00:00,53.8,19.6,50.4,19.9,20.8,19.7,0.0,0.0,0.0,0.0,0.0,0.0,0.0,0.0,0.0,0.0,0.0,0.0,0.0,0.0,0.0,0.0,0.0,0.0,0.0,1.0,0.0,0.0,50.0,22.0,Cluster 0,Cluster 0
2026-07-10 16:50:00.001000+00:00,53.3,19.2,49.9,19.7,20.6,19.5,0.0,0.0,0.0,0.0,0.0,0.0,0.0,0.0,0.0,0.0,0.0,0.0,0.0,0.0,0.0,0.0,0.0,0.0,0.0,1.0,0.0,0.0,50.0,22.0,Cluster 0,Cluster 0
2026-07-15 07:25:00.001000+00:00,48.8,18.1,48.3,20.2,20.6,20.4,0.0,0.0,0.0,0.0,0.0,0.0,0.0,0.0,0.0,0.0,0.0,0.0,0.0,0.0,0.0,0.0,0.0,0.0,0.0,1.0,0.0,0.0,50.0,22.0,Cluster 0,Cluster 1
2026-07-01 17:30:01.001000+00:00,51.5,20.1,48.0,20.6,21.2,20.0,0.0,0.0,0.0,0.0,0.0,0.0,0.0,0.0,0.0,0.0,0.0,0.0,0.0,0.0,0.0,0.0,0.0,0.0,0.0,1.0,0.0,0.0,50.0,22.0,Cluster 0,Cluster 1
2026-07-17 18:55:00.001000+00:00,52.5,20.7,48.9,21.1,21.6,20.5,0.0,0.0,0.0,0.0,0.0,0.0,0.0,0.0,0.0,0.0,0.0,0.0,0.0,0.0,0.0,0.0,0.0,0.0,0.0,1.0,0.0,0.0,50.0,22.0,Cluster 0,Cluster 1
2026-07-08 02:45:00.001000+00:00,53.6,19.8,49.9,20.0,20.9,19.7,0.0,0.0,0.0,0.0,0.0,0.0,0.0,0.0,0.0,0.0,0.0,0.0,0.0,0.0,0.0,0.0,0.0,0.0,0.0,1.0,0.0,0.0,50.0,22.0,Cluster 0,Cluster 0
2026-07-14 16:30:00.001000+00:00,50.6,20.4,46.8,20.9,21.5,20.2,0.0,0.0,0.0,0.0,0.0,0.0,0.0,0.0,0.0,0.0,0.0,0.0,0.0,0.0,0.0,0.0,0.0,0.0,0.0,1.0,0.0,0.0,50.0,22.0,Cluster 0,Cluster 1
2026-07-03 20:50:01.001000+00:00,53.0,20.4,49.9,20.6,21.2,20.2,0.0,0.0,0.0,0.0,0.0,0.0,0.0,0.0,0.0,0.0,0.0,0.0,0.0,0.0,0.0,0.0,0.0,0.0,0.0,1.0,0.0,0.0,50.0,22.0,Cluster 0,Cluster 1
2026-07-06 18:20:01.001000+00:00,53.3,19.4,49.9,19.8,20.8,19.7,0.0,0.0,0.0,0.0,0.0,0.0,0.0,0.0,0.0,0.0,0.0,0.0,0.0,0.0,0.0,0.0,0.0,0.0,0.0,1.0,0.0,0.0,50.0,22.0,Cluster 0,Cluster 0
2026-07-03 13:35:00.001000+00:00,51.8,19.6,48.8,20.3,21.1,20.0,0.0,0.0,0.0,0.0,0.0,0.0,0.0,0.0,0.0,0.0,0.0,0.0,0.0,0.0,0.0,0.0,0.0,0.0,0.0,1.0,0.0,0.0,50.0,22.0,Cluster 0,Cluster 1
2026-07-08 12:00:00.001000+00:00,50.9,18.7,48.5,19.6,20.6,19.8,0.0,0.0,0.0,0.0,0.0,0.0,0.0,0.0,0.0,0.0,0.0,0.0,0.0,0.0,0.0,0.0,0.0,0.0,0.0,1.0,0.0,0.0,50.0,22.0,Cluster 0,Cluster 0
2026-07-07 05:45:00.001000+00:00,53.1,17.1,52.6,19.4,19.9,19.7,0.0,0.0,0.0,0.0,0.0,0.0,0.0,0.0,0.0,0.0,0.0,0.0,0.0,0.0,0.0,0.0,0.0,0.0,0.0,1.0,0.0,0.0,50.0,22.0,Cluster 0,Cluster 0
2026-07-05 17:20:01.001000+00:00,53.7,19.4,50.0,19.9,20.8,19.6,0.0,0.0,0.0,0.0,0.0,0.0,0.0,0.0,0.0,0.0,0.0,0.0,0.0,0.0,0.0,0.0,0.0,0.0,0.0,1.0,0.0,0.0,50.0,22.0,Cluster 0,Cluster 0
2026-07-03 16:55:01.001000+00:00,52.4,20.0,48.7,20.5,21.2,20.0,0.0,0.0,0.0,0.0,0.0,0.0,0.0,0.0,0.0,0.0,0.0,0.0,0.0,0.0,0.0,0.0,0.0,0.0,0.0,1.0,0.0,0.0,50.0,22.0,Cluster 0,Cluster 1
2026-07-12 08:20:01.001000+00:00,51.3,16.1,48.6,20.3,20.6,19.7,0.0,9.6,36.0,10.3,10.0,1.0,1.0,1.0,1.0,0.0,0.0,0.0,0.0,0.0,0.0,0.0,0.0,0.0,0.0,1.0,0.0,40.0,50.0,22.0,Cluster 1,Cluster 0
2026-07-09 18:35:00.001000+00:00,53.2,19.4,49.8,19.7,20.7,19.6,0.0,0.0,0.0,0.0,0.0,0.0,0.0,0.0,0.0,0.0,0.0,0.0,0.0,0.0,0.0,0.0,0.0,0.0,0.0,1.0,0.0,0.0,50.0,22.0,Cluster 0,Cluster 0
2026-07-13 15:15:00.001000+00:00,50.3,20.1,46.8,20.8,21.4,20.2,0.0,0.0,0.0,0.0,0.0,0.0,0.0,0.0,0.0,0.0,0.0,0.0,0.0,0.0,0.0,0.0,0.0,0.0,0.0,1.0,0.0,0.0,50.0,22.0,Cluster 0,Cluster 1
2026-07-07 06:55:00.001000+00:00,51.2,17.5,50.4,19.4,20.1,19.8,0.0,0.0,0.0,0.0,0.0,0.0,0.0,0.0,0.0,0.0,0.0,0.0,0.0,0.0,0.0,0.0,0.0,0.0,0.0,1.0,0.0,0.0,50.0,22.0,Cluster 0,Cluster 0
2026-07-01 04:30:00.001000+00:00,51.7,16.8,52.8,19.9,20.0,20.3,0.0,0.0,0.0,0.0,0.0,0.0,0.0,0.0,0.0,0.0,0.0,0.0,0.0,0.0,0.0,0.0,0.0,0.0,0.0,1.0,0.0,0.0,50.0,22.0,Cluster 0,Cluster 0
2026-07-01 02:35:00.001000+00:00,52.8,20.7,49.7,20.8,21.3,20.3,0.0,0.0,0.0,0.0,0.0,0.0,0.0,0.0,0.0,0.0,0.0,0.0,0.0,0.0,0.0,0.0,0.0,0.0,0.0,1.0,0.0,0.0,50.0,22.0,Cluster 0,Cluster 1
2026-07-11 13:30:00.001000+00:00,52.7,18.8,49.9,19.6,20.5,19.6,0.0,0.0,0.0,0.0,0.0,0.0,0.0,0.0,0.0,0.0,0.0,0.0,0.0,0.0,0.0,0.0,0.0,0.0,0.0,1.0,0.0,0.0,50.0,22.0,Cluster 0,Cluster 0
2026-07-22 13:00:00.001000+00:00,52.5,19.1,50.7,20.1,20.8,20.2,0.0,0.0,0.0,0.0,0.0,0.0,0.0,0.0,0.0,0.0,0.0,0.0,0.0,0.0,0.0,0.0,0.0,0.0,0.0,1.0,0.0,0.0,50.0,22.0,Cluster 0,Cluster 0
2026-07-13 23:50:01.001000+00:00,52.5,21.0,48.8,21.2,21.6,20.4,0.0,0.0,0.0,0.0,0.0,0.0,0.0,0.0,0.0,0.0,0.0,0.0,0.0,0.0,0.0,0.0,0.0,0.0,0.0,1.0,0.0,0.0,50.0,22.0,Cluster 0,Cluster 1
2026-07-08 08:55:01.001000+00:00,52.1,18.1,50.0,19.5,20.4,19.7,0.0,0.0,0.0,0.0,0.0,0.0,0.0,0.0,0.0,0.0,0.0,0.0,0.0,0.0,0.0,0.0,0.0,0.0,0.0,1.0,0.0,0.0,50.0,22.0,Cluster 0,Cluster 0
2026-07-01 03:10:01.001000+00:00,52.8,20.7,49.7,20.9,21.3,20.3,0.0,0.0,0.0,0.0,0.0,0.0,0.0,0.0,0.0,0.0,0.0,0.0,0.0,0.0,0.0,0.0,0.0,0.0,0.0,1.0,0.0,0.0,50.0,22.0,Cluster 0,Cluster 1
2026-07-08 09:35:01.001000+00:00,50.8,18.2,49.0,19.5,20.4,19.8,0.0,0.0,0.0,0.0,0.0,0.0,0.0,0.0,0.0,0.0,0.0,0.0,0.0,0.0,0.0,0.0,0.0,0.0,0.0,1.0,0.0,0.0,50.0,22.0,Cluster 0,Cluster 0
2026-07-10 23:50:01.001000+00:00,53.4,19.6,50.0,19.8,20.7,19.6,0.0,0.0,0.0,0.0,0.0,0.0,0.0,0.0,0.0,0.0,0.0,0.0,0.0,0.0,0.0,0.0,0.0,0.0,0.0,1.0,0.0,0.0,50.0,22.0,Cluster 0,Cluster 0
2026-07-20 07:20:00.001000+00:00,52.6,17.6,51.9,19.7,20.1,19.9,0.0,0.0,0.0,0.0,0.0,0.0,0.0,0.0,0.0,0.0,0.0,0.0,0.0,0.0,0.0,0.0,0.0,0.0,0.0,1.0,0.0,0.0,50.0,22.0,Cluster 0,Cluster 0
2026-07-18 04:50:00.001000+00:00,51.8,16.8,52.6,19.7,19.9,20.1,0.0,0.0,0.0,0.0,0.0,0.0,0.0,0.0,0.0,0.0,0.0,0.0,0.0,0.0,0.0,0.0,0.0,0.0,0.0,1.0,0.0,0.0,50.0,22.0,Cluster 0,Cluster 0
2026-07-04 10:05:00.001000+00:00,49.7,18.8,48.3,20.1,20.7,20.3,0.0,0.0,0.0,0.0,0.0,0.0,0.0,0.0,0.0,0.0,0.0,0.0,0.0,0.0,0.0,0.0,0.0,0.0,0.0,1.0,0.0,0.0,50.0,22.0,Cluster 0,Cluster 1
2026-07-03 10:40:01.001000+00:00,50.0,19.0,48.8,20.1,20.8,20.4,0.0,0.0,0.0,0.0,0.0,0.0,0.0,0.0,0.0,0.0,0.0,0.0,0.0,0.0,0.0,0.0,0.0,0.0,0.0,1.0,0.0,0.0,50.0,22.0,Cluster 0,Cluster 1
2026-07-10 17:00:01.001000+00:00,53.3,19.2,49.9,19.7,20.6,19.5,0.0,0.0,0.0,0.0,0.0,0.0,0.0,0.0,0.0,0.0,0.0,0.0,0.0,0.0,0.0,0.0,0.0,0.0,0.0,1.0,0.0,0.0,50.0,22.0,Cluster 0,Cluster 0
2026-07-16 20:10:01.001000+00:00,51.5,20.7,47.9,21.1,21.6,20.4,0.0,0.0,0.0,0.0,0.0,0.0,0.0,0.0,0.0,0.0,0.0,0.0,0.0,0.0,0.0,0.0,0.0,0.0,0.0,1.0,0.0,0.0,50.0,22.0,Cluster 0,Cluster 1
2026-07-06 09:20:02.001000+00:00,51.2,18.2,49.4,19.5,20.4,19.8,0.0,0.0,0.0,0.0,0.0,0.0,0.0,0.0,0.0,0.0,0.0,0.0,0.0,0.0,0.0,0.0,0.0,0.0,0.0,1.0,0.0,0.0,50.0,22.0,Cluster 0,Cluster 0
2026-07-18 18:40:02.001000+00:00,53.1,20.0,50.0,20.4,21.1,20.1,0.0,0.0,0.0,0.0,0.0,0.0,0.0,0.0,0.0,0.0,0.0,0.0,0.0,0.0,0.0,0.0,0.0,0.0,0.0,1.0,0.0,0.0,50.0,22.0,Cluster 0,Cluster 1
2026-07-21 11:50:00.001000+00:00,52.3,18.8,50.7,19.9,20.6,20.1,0.0,0.0,0.0,0.0,0.0,0.0,0.0,0.0,0.0,0.0,0.0,0.0,0.0,0.0,0.0,0.0,0.0,0.0,0.0,1.0,0.0,0.0,50.0,22.0,Cluster 0,Cluster 0
2026-07-02 21:15:00.001000+00:00,53.3,20.4,49.9,20.7,21.3,20.2,0.0,0.0,0.0,0.0,0.0,0.0,0.0,0.0,0.0,0.0,0.0,0.0,0.0,0.0,0.0,0.0,0.0,0.0,0.0,1.0,0.0,0.0,50.0,22.0,Cluster 0,Cluster 1
2026-07-12 20:15:01.001000+00:00,51.2,19.8,48.8,20.8,21.3,20.5,0.0,0.0,0.0,0.0,0.0,0.0,0.0,0.0,0.0,0.0,0.0,0.0,0.0,0.0,0.0,0.0,0.0,0.0,0.0,1.0,0.0,0.0,50.0,22.0,Cluster 0,Cluster 1
2026-07-01 07:05:01.001000+00:00,49.6,17.9,49.7,20.0,20.4,20.3,0.0,0.0,0.0,0.0,0.0,0.0,0.0,0.0,0.0,0.0,0.0,0.0,0.0,0.0,0.0,0.0,0.0,0.0,0.0,1.0,0.0,0.0,50.0,22.0,Cluster 0,Cluster 0
2026-07-20 02:00:00.001000+00:00,52.2,20.3,48.8,20.5,21.1,20.0,0.0,0.0,0.0,0.0,0.0,0.0,0.0,0.0,0.0,0.0,0.0,0.0,0.0,0.0,0.0,0.0,0.0,0.0,0.0,1.0,0.0,0.0,50.0,22.0,Cluster 0,Cluster 1
2026-07-01 07:40:01.001000+00:00,49.6,18.1,49.4,20.0,20.5,20.4,0.0,0.0,0.0,0.0,0.0,0.0,0.0,0.0,0.0,0.0,0.0,0.0,0.0,0.0,0.0,0.0,0.0,0.0,0.0,1.0,0.0,0.0,50.0,22.0,Cluster 0,Cluster 0
2026-07-08 14:10:02.001000+00:00,53.1,19.0,50.0,19.7,20.7,19.7,0.0,0.0,0.0,0.0,0.0,0.0,0.0,0.0,0.0,0.0,0.0,0.0,0.0,0.0,0.0,0.0,0.0,0.0,0.0,1.0,0.0,0.0,50.0,22.0,Cluster 0,Cluster 0
2026-07-01 13:00:01.001000+00:00,52.0,19.5,48.7,20.4,21.1,20.0,0.0,0.0,0.0,0.0,0.0,0.0,0.0,0.0,0.0,0.0,0.0,0.0,0.0,0.0,0.0,0.0,0.0,0.0,0.0,1.0,0.0,0.0,50.0,22.0,Cluster 0,Cluster 1
2026-07-15 09:00:00.001000+00:00,48.5,18.7,47.8,20.4,20.8,20.4,0.0,0.0,0.0,0.0,0.0,0.0,0.0,0.0,0.0,0.0,0.0,0.0,0.0,0.0,0.0,0.0,0.0,0.0,0.0,1.0,0.0,0.0,50.0,22.0,Cluster 0,Cluster 1
2026-07-20 19:35:00.001000+00:00,50.5,20.1,47.8,20.4,21.2,20.3,0.0,0.0,0.0,0.0,0.0,0.0,0.0,0.0,0.0,0.0,0.0,0.0,0.0,0.0,0.0,0.0,0.0,0.0,0.0,1.0,0.0,0.0,50.0,22.0,Cluster 0,Cluster 1
2026-07-22 19:50:00.001000+00:00,52.5,20.0,49.7,20.4,21.1,20.2,0.0,0.0,0.0,0.0,0.0,0.0,0.0,0.0,0.0,0.0,0.0,0.0,0.0,0.0,0.0,0.0,0.0,0.0,0.0,1.0,0.0,0.0,50.0,22.0,Cluster 0,Cluster 1
2026-07-22 18:40:00.001000+00:00,52.7,19.9,49.8,20.4,21.1,20.2,0.0,0.0,0.0,0.0,0.0,0.0,0.0,0.0,0.0,0.0,0.0,0.0,0.0,0.0,0.0,0.0,0.0,0.0,0.0,1.0,0.0,0.0,50.0,22.0,Cluster 0,Cluster 1
2026-07-12 14:00:00.001000+00:00,50.5,18.2,48.7,20.4,20.8,20.3,0.0,0.0,0.0,0.0,0.0,0.0,0.0,0.0,0.0,0.0,0.0,0.0,0.0,0.0,0.0,0.0,0.0,0.0,0.0,1.0,0.0,0.0,50.0,22.0,Cluster 0,Cluster 1
2026-07-21 02:15:02.001000+00:00,52.4,20.5,48.7,20.7,21.2,20.0,0.0,0.0,0.0,0.0,0.0,0.0,0.0,0.0,0.0,0.0,0.0,0.0,0.0,0.0,0.0,0.0,0.0,0.0,0.0,1.0,0.0,0.0,50.0,22.0,Cluster 0,Cluster 1
2026-07-21 20:25:01.001000+00:00,52.7,20.1,49.9,20.4,21.1,20.2,0.0,0.0,0.0,0.0,0.0,0.0,0.0,0.0,0.0,0.0,0.0,0.0,0.0,0.0,0.0,0.0,0.0,0.0,0.0,1.0,0.0,0.0,50.0,22.0,Cluster 0,Cluster 1
2026-07-18 23:30:01.001000+00:00,56.3,20.3,52.7,20.5,21.1,20.0,0.0,0.0,0.0,0.0,0.0,0.0,0.0,0.0,0.0,0.0,0.0,0.0,0.0,0.0,0.0,0.0,0.0,0.0,0.0,1.0,0.0,0.0,50.0,22.0,Cluster 0,Cluster 0
2026-07-12 18:25:00.001000+00:00,49.8,19.5,47.8,20.7,21.3,20.5,0.0,0.0,0.0,0.0,0.0,0.0,0.0,0.0,0.0,0.0,0.0,0.0,0.0,0.0,0.0,0.0,0.0,0.0,0.0,1.0,0.0,0.0,50.0,22.0,Cluster 0,Cluster 1
2026-07-22 10:45:00.001000+00:00,51.8,18.7,50.3,19.9,20.6,20.1,0.0,0.0,0.0,0.0,0.0,0.0,0.0,0.0,0.0,0.0,0.0,0.0,0.0,0.0,0.0,0.0,0.0,0.0,0.0,1.0,0.0,0.0,50.0,22.0,Cluster 0,Cluster 0
2026-07-21 12:00:01.001000+00:00,51.4,18.8,49.9,19.9,20.6,20.1,0.0,0.0,0.0,0.0,0.0,0.0,0.0,0.0,0.0,0.0,0.0,0.0,0.0,0.0,0.0,0.0,0.0,0.0,0.0,1.0,0.0,0.0,50.0,22.0,Cluster 0,Cluster 0
2026-07-17 08:25:01.001000+00:00,48.4,18.5,47.6,20.2,20.8,20.5,0.0,0.0,0.0,0.0,0.0,0.0,0.0,0.0,0.0,0.0,0.0,0.0,0.0,0.0,0.0,0.0,0.0,0.0,0.0,1.0,0.0,0.0,50.0,22.0,Cluster 0,Cluster 1
2026-07-01 07:35:00.001000+00:00,49.5,18.1,48.9,20.0,20.4,20.3,0.0,0.0,0.0,0.0,0.0,0.0,0.0,0.0,0.0,0.0,0.0,0.0,0.0,0.0,0.0,0.0,0.0,0.0,0.0,1.0,0.0,0.0,50.0,22.0,Cluster 0,Cluster 0
2026-07-19 07:10:00.001000+00:00,50.7,17.6,50.8,19.7,20.2,20.1,0.0,0.0,0.0,0.0,0.0,0.0,0.0,0.0,0.0,0.0,0.0,0.0,0.0,0.0,0.0,0.0,0.0,0.0,0.0,1.0,0.0,0.0,50.0,22.0,Cluster 0,Cluster 0
2026-07-15 06:30:00.001000+00:00,48.0,17.7,48.4,20.2,20.4,20.5,0.0,0.0,0.0,0.0,0.0,0.0,0.0,0.0,0.0,0.0,0.0,0.0,0.0,0.0,0.0,0.0,0.0,0.0,0.0,1.0,0.0,0.0,50.0,22.0,Cluster 0,Cluster 1
2026-07-14 06:00:00.001000+00:00,48.0,17.4,49.0,20.0,20.2,20.5,0.0,0.0,0.0,0.0,0.0,0.0,0.0,0.0,0.0,0.0,0.0,0.0,0.0,0.0,0.0,0.0,0.0,0.0,0.0,1.0,0.0,0.0,50.0,22.0,Cluster 0,Cluster 0
2026-07-03 13:30:01.001000+00:00,51.7,19.6,48.7,20.3,21.0,20.0,0.0,0.0,0.0,0.0,0.0,0.0,0.0,0.0,0.0,0.0,0.0,0.0,0.0,0.0,0.0,0.0,0.0,0.0,0.0,1.0,0.0,0.0,50.0,22.0,Cluster 0,Cluster 1
2026-07-01 14:45:01.001000+00:00,51.9,19.8,48.6,20.5,21.1,20.0,0.0,0.0,0.0,0.0,0.0,0.0,0.0,0.0,0.0,0.0,0.0,0.0,0.0,0.0,0.0,0.0,0.0,0.0,0.0,1.0,0.0,0.0,50.0,22.0,Cluster 0,Cluster 1
2026-07-06 15:00:01.001000+00:00,53.4,19.2,50.0,19.7,20.7,19.6,0.0,0.0,0.0,0.0,0.0,0.0,0.0,0.0,0.0,0.0,0.0,0.0,0.0,0.0,0.0,0.0,0.0,0.0,0.0,1.0,0.0,0.0,50.0,22.0,Cluster 0,Cluster 0
2026-07-17 11:20:00.001000+00:00,48.4,19.4,46.6,20.5,21.2,20.6,0.0,0.0,0.0,0.0,0.0,0.0,0.0,0.0,0.0,0.0,0.0,0.0,0.0,0.0,0.0,0.0,0.0,0.0,0.0,1.0,0.0,0.0,50.0,22.0,Cluster 0,Cluster 1
2026-07-04 05:45:00.001000+00:00,52.1,17.4,52.9,19.9,20.1,20.3,0.0,0.0,0.0,0.0,0.0,0.0,0.0,0.0,0.0,0.0,0.0,0.0,0.0,0.0,0.0,0.0,0.0,0.0,0.0,1.0,0.0,0.0,50.0,22.0,Cluster 0,Cluster 0
2026-07-08 20:15:01.001000+00:00,53.4,19.6,50.0,19.9,20.8,19.7,0.0,0.0,0.0,0.0,0.0,0.0,0.0,0.0,0.0,0.0,0.0,0.0,0.0,0.0,0.0,0.0,0.0,0.0,0.0,1.0,0.0,0.0,50.0,22.0,Cluster 0,Cluster 0
2026-07-22 17:05:00.001000+00:00,52.5,19.7,49.7,20.3,21.1,20.2,0.0,0.0,0.0,0.0,0.0,0.0,0.0,0.0,0.0,0.0,0.0,0.0,0.0,0.0,0.0,0.0,0.0,0.0,0.0,1.0,0.0,0.0,50.0,22.0,Cluster 0,Cluster 1
2026-07-11 03:45:02.001000+00:00,52.1,16.2,50.3,19.4,20.2,19.6,0.0,0.0,0.0,0.0,0.0,0.0,0.0,0.0,0.0,0.0,0.0,0.0,0.0,0.0,0.0,0.0,0.0,0.0,0.0,1.0,0.0,0.0,50.0,22.0,Cluster 0,Cluster 0
2026-07-19 12:15:00.001000+00:00,53.2,18.9,50.7,20.0,20.7,19.9,0.0,0.0,0.0,0.0,0.0,0.0,0.0,0.0,0.0,0.0,0.0,0.0,0.0,0.0,0.0,0.0,0.0,0.0,0.0,1.0,0.0,0.0,50.0,22.0,Cluster 0,Cluster 0
2026-07-14 22:05:00.001000+00:00,52.0,20.9,48.7,21.2,21.6,20.5,0.0,0.0,0.0,0.0,0.0,0.0,0.0,0.0,0.0,0.0,0.0,0.0,0.0,0.0,0.0,0.0,0.0,0.0,0.0,1.0,0.0,0.0,50.0,22.0,Cluster 0,Cluster 1
2026-07-10 21:10:00.001000+00:00,53.4,19.5,49.9,19.8,20.7,19.6,0.0,0.0,0.0,0.0,0.0,0.0,0.0,0.0,0.0,0.0,0.0,0.0,0.0,0.0,0.0,0.0,0.0,0.0,0.0,1.0,0.0,0.0,50.0,22.0,Cluster 0,Cluster 0
2026-07-12 14:40:01.001000+00:00,50.3,18.4,48.3,20.4,20.9,20.2,0.0,0.0,0.0,0.0,0.0,0.0,0.0,0.0,0.0,0.0,0.0,0.0,0.0,0.0,0.0,0.0,0.0,0.0,0.0,1.0,0.0,0.0,50.0,22.0,Cluster 0,Cluster 1
2026-07-09 23:20:01.001000+00:00,54.1,19.7,50.0,19.9,20.8,19.5,0.0,0.0,0.0,0.0,0.0,0.0,0.0,0.0,0.0,0.0,0.0,0.0,0.0,0.0,0.0,0.0,0.0,0.0,0.0,1.0,0.0,0.0,50.0,22.0,Cluster 0,Cluster 0
2026-07-19 20:25:00.001000+00:00,52.8,20.0,49.7,20.4,21.0,20.0,0.0,0.0,0.0,0.0,0.0,0.0,0.0,0.0,0.0,0.0,0.0,0.0,0.0,0.0,0.0,0.0,0.0,0.0,0.0,1.0,0.0,0.0,50.0,22.0,Cluster 0,Cluster 1
2026-07-17 13:00:00.001000+00:00,49.5,19.8,46.6,20.7,21.4,20.4,0.0,0.0,0.0,0.0,0.0,0.0,0.0,0.0,0.0,0.0,0.0,0.0,0.0,0.0,0.0,0.0,0.0,0.0,0.0,1.0,0.0,0.0,50.0,22.0,Cluster 0,Cluster 1
2026-07-09 03:30:01.001000+00:00,54.0,19.8,49.9,20.0,20.8,19.5,0.0,4.3,0.0,0.0,0.0,0.0,0.0,0.0,0.0,0.0,0.0,0.0,0.0,0.0,0.0,0.0,0.0,0.0,0.0,1.0,0.0,0.0,50.0,22.0,Cluster 0,Cluster 0
2026-07-19 05:25:02.001000+00:00,51.4,17.0,52.5,19.7,19.9,20.1,0.0,0.0,0.0,0.0,0.0,0.0,0.0,0.0,0.0,0.0,0.0,0.0,0.0,0.0,0.0,0.0,0.0,0.0,0.0,1.0,0.0,0.0,50.0,22.0,Cluster 0,Cluster 0
2026-07-06 18:40:01.001000+00:00,53.4,19.5,50.0,19.9,20.8,19.7,0.0,0.0,0.0,0.0,0.0,0.0,0.0,0.0,0.0,0.0,0.0,0.0,0.0,0.0,0.0,0.0,0.0,0.0,0.0,1.0,0.0,0.0,50.0,22.0,Cluster 0,Cluster 0
2026-07-13 09:40:01.001000+00:00,47.8,18.8,46.8,20.3,21.0,20.6,0.0,0.0,0.0,0.0,0.0,0.0,0.0,0.0,0.0,0.0,0.0,0.0,0.0,0.0,0.0,0.0,0.0,0.0,0.0,1.0,0.0,0.0,50.0,22.0,Cluster 0,Cluster 1
2026-07-04 17:45:01.001000+00:00,52.4,20.1,48.7,20.6,21.2,20.0,0.0,0.0,0.0,0.0,0.0,0.0,0.0,0.0,0.0,0.0,0.0,0.0,0.0,0.0,0.0,0.0,0.0,0.0,0.0,1.0,0.0,0.0,50.0,22.0,Cluster 0,Cluster 1
2026-07-02 07:25:01.001000+00:00,49.1,18.0,49.0,20.0,20.4,20.3,0.0,0.0,0.0,0.0,0.0,0.0,0.0,0.0,0.0,0.0,0.0,0.0,0.0,0.0,0.0,0.0,0.0,0.0,0.0,1.0,0.0,0.0,50.0,22.0,Cluster 0,Cluster 0
2026-07-09 06:35:00.001000+00:00,52.3,17.3,51.4,19.2,19.9,19.6,0.0,0.0,0.0,0.0,0.0,0.0,0.0,0.0,0.0,0.0,0.0,0.0,0.0,0.0,0.0,0.0,0.0,0.0,0.0,1.0,0.0,0.0,50.0,22.0,Cluster 0,Cluster 0
2026-07-06 05:50:01.001000+00:00,53.1,17.2,52.6,19.4,19.9,19.7,0.0,0.0,0.0,0.0,0.0,0.0,0.0,0.0,0.0,0.0,0.0,0.0,0.0,0.0,0.0,0.0,0.0,0.0,0.0,1.0,0.0,0.0,50.0,22.0,Cluster 0,Cluster 0
2026-07-06 15:40:00.001000+00:00,53.4,19.2,50.0,19.8,20.7,19.6,0.0,0.0,0.0,0.0,0.0,0.0,0.0,0.0,0.0,0.0,0.0,0.0,0.0,0.0,0.0,0.0,0.0,0.0,0.0,1.0,0.0,0.0,50.0,22.0,Cluster 0,Cluster 0
2026-07-14 17:50:01.001000+00:00,50.9,20.5,46.7,21.0,21.6,20.2,0.0,0.0,0.0,0.0,0.0,0.0,0.0,0.0,0.0,0.0,0.0,0.0,0.0,0.0,0.0,0.0,0.0,0.0,0.0,1.0,0.0,0.0,50.0,22.0,Cluster 0,Cluster 1
2026-07-07 18:40:00.001000+00:00,53.3,19.5,49.9,19.9,20.8,19.7,0.0,0.0,0.0,0.0,0.0,0.0,0.0,0.0,0.0,0.0,0.0,0.0,0.0,0.0,0.0,0.0,0.0,0.0,0.0,1.0,0.0,0.0,50.0,22.0,Cluster 0,Cluster 0
2026-07-11 10:05:01.001000+00:00,52.0,18.2,49.9,19.4,20.3,19.6,0.0,0.0,0.0,0.0,0.0,0.0,0.0,0.0,0.0,0.0,0.0,0.0,0.0,0.0,0.0,0.0,0.0,0.0,0.0,1.0,0.0,0.0,50.0,22.0,Cluster 0,Cluster 0
2026-07-18 08:45:00.001000+00:00,50.3,18.3,49.8,19.9,20.4,20.2,0.0,0.0,0.0,0.0,0.0,0.0,0.0,0.0,0.0,0.0,0.0,0.0,0.0,0.0,0.0,0.0,0.0,0.0,0.0,1.0,0.0,0.0,50.0,22.0,Cluster 0,Cluster 0
2026-07-16 01:30:00.001000+00:00,48.7,21.0,45.6,21.2,21.6,20.5,0.0,0.0,0.0,0.0,0.0,0.0,0.0,0.0,0.0,0.0,0.0,0.0,0.0,0.0,0.0,0.0,0.0,0.0,0.0,1.0,0.0,0.0,50.0,22.0,Cluster 0,Cluster 1
2026-07-02 20:15:01.001000+00:00,52.9,20.3,49.8,20.7,21.3,20.3,0.0,0.0,0.0,0.0,0.0,0.0,0.0,0.0,0.0,0.0,0.0,0.0,0.0,0.0,0.0,0.0,0.0,0.0,0.0,1.0,0.0,0.0,50.0,22.0,Cluster 0,Cluster 1
2026-07-04 04:40:01.001000+00:00,51.4,16.8,52.8,19.9,19.9,20.3,0.0,0.0,0.0,0.0,0.0,0.0,0.0,0.0,0.0,0.0,0.0,0.0,0.0,0.0,0.0,0.0,0.0,0.0,0.0,1.0,0.0,0.0,50.0,22.0,Cluster 0,Cluster 0
2026-07-18 09:10:00.001000+00:00,51.0,18.4,49.8,19.9,20.5,20.1,0.0,0.0,0.0,0.0,0.0,0.0,0.0,0.0,0.0,0.0,0.0,0.0,0.0,0.0,0.0,0.0,0.0,0.0,0.0,1.0,0.0,0.0,50.0,22.0,Cluster 0,Cluster 0
2026-07-05 19:00:00.001000+00:00,53.3,19.5,50.0,19.9,20.8,19.7,0.0,0.0,0.0,0.0,0.0,0.0,0.0,0.0,0.0,0.0,0.0,0.0,0.0,0.0,0.0,0.0,0.0,0.0,0.0,1.0,0.0,0.0,50.0,22.0,Cluster 0,Cluster 0
2026-07-02 11:55:01.001000+00:00,50.4,19.3,48.7,20.3,21.0,20.4,0.0,0.0,0.0,0.0,0.0,0.0,0.0,0.0,0.0,0.0,0.0,0.0,0.0,0.0,0.0,0.0,0.0,0.0,0.0,1.0,0.0,0.0,50.0,22.0,Cluster 0,Cluster 1
2026-07-17 22:05:00.001000+00:00,54.4,21.0,50.9,21.2,21.6,20.5,0.0,0.0,0.0,0.0,0.0,0.0,0.0,0.0,0.0,0.0,0.0,0.0,0.0,0.0,0.0,0.0,0.0,0.0,0.0,1.0,0.0,0.0,50.0,22.0,Cluster 0,Cluster 1
2026-07-03 20:45:00.001000+00:00,53.3,20.3,49.9,20.7,21.3,20.2,0.0,0.0,0.0,0.0,0.0,0.0,0.0,0.0,0.0,0.0,0.0,0.0,0.0,0.0,0.0,0.0,0.0,0.0,0.0,1.0,0.0,0.0,50.0,22.0,Cluster 0,Cluster 1
2026-07-02 21:40:01.001000+00:00,53.0,20.4,49.9,20.7,21.2,20.2,0.0,0.0,0.0,0.0,0.0,0.0,0.0,0.0,0.0,0.0,0.0,0.0,0.0,0.0,0.0,0.0,0.0,0.0,0.0,1.0,0.0,0.0,50.0,22.0,Cluster 0,Cluster 1
2026-07-21 10:15:02.001000+00:00,51.4,18.4,49.9,19.9,20.5,20.0,0.0,0.0,0.0,0.0,0.0,0.0,0.0,0.0,0.0,0.0,0.0,0.0,0.0,0.0,0.0,0.0,0.0,0.0,0.0,1.0,0.0,0.0,50.0,22.0,Cluster 0,Cluster 0
2026-07-02 08:20:01.001000+00:00,50.4,18.4,49.8,20.0,20.6,20.4,0.0,0.0,0.0,0.0,0.0,0.0,0.0,0.0,0.0,0.0,0.0,0.0,0.0,0.0,0.0,0.0,0.0,0.0,0.0,1.0,0.0,0.0,50.0,22.0,Cluster 0,Cluster 0
2026-07-19 14:35:00.001000+00:00,53.9,19.3,51.0,20.1,20.8,19.9,0.0,0.0,0.0,0.0,0.0,0.0,0.0,0.0,0.0,0.0,0.0,0.0,0.0,0.0,0.0,0.0,0.0,0.0,0.0,1.0,0.0,0.0,50.0,22.0,Cluster 0,Cluster 0
2026-07-05 20:15:01.001000+00:00,53.8,19.6,50.4,20.0,20.8,19.7,0.0,0.0,0.0,0.0,0.0,0.0,0.0,0.0,0.0,0.0,0.0,0.0,0.0,0.0,0.0,0.0,0.0,0.0,0.0,1.0,0.0,0.0,50.0,22.0,Cluster 0,Cluster 0
2026-07-16 16:35:00.001000+00:00,50.6,20.4,46.8,20.9,21.5,20.2,0.0,0.0,0.0,0.0,0.0,0.0,0.0,0.0,0.0,0.0,0.0,0.0,0.0,0.0,0.0,0.0,0.0,0.0,0.0,1.0,0.0,0.0,50.0,22.0,Cluster 0,Cluster 1
2026-07-05 12:45:01.001000+00:00,52.9,18.9,49.8,19.8,20.6,19.6,0.0,0.0,0.0,0.0,0.0,0.0,0.0,0.0,0.0,0.0,0.0,0.0,0.0,0.0,0.0,0.0,0.0,0.0,0.0,1.0,0.0,0.0,50.0,22.0,Cluster 0,Cluster 0
2026-07-19 03:50:02.001000+00:00,50.8,16.2,48.4,19.9,20.9,20.1,0.0,0.0,0.0,0.0,0.0,0.0,0.0,0.0,0.0,0.0,0.0,0.0,0.0,0.0,0.0,0.0,0.0,0.0,0.0,1.0,0.0,0.0,50.0,22.0,Cluster 0,Cluster 0
2026-07-06 02:35:01.001000+00:00,53.6,19.9,49.9,20.1,20.9,19.7,0.0,0.0,0.0,0.0,0.0,0.0,0.0,0.0,0.0,0.0,0.0,0.0,0.0,0.0,0.0,0.0,0.0,0.0,0.0,1.0,0.0,0.0,50.0,22.0,Cluster 0,Cluster 0
2026-07-17 02:05:01.001000+00:00,49.1,21.1,45.9,21.3,21.6,20.5,0.0,0.0,0.0,0.0,0.0,0.0,0.0,0.0,0.0,0.0,0.0,0.0,0.0,0.0,0.0,0.0,0.0,0.0,0.0,1.0,0.0,0.0,50.0,22.0,Cluster 0,Cluster 1
2026-07-07 03:10:00.001000+00:00,53.8,19.9,50.0,20.0,20.9,19.7,0.0,0.0,0.0,0.0,0.0,0.0,0.0,0.0,0.0,0.0,0.0,0.0,0.0,0.0,0.0,0.0,0.0,0.0,0.0,1.0,0.0,0.0,50.0,22.0,Cluster 0,Cluster 0
2026-07-04 20:15:01.001000+00:00,52.9,20.3,49.8,20.6,21.2,20.2,0.0,0.0,0.0,0.0,0.0,0.0,0.0,0.0,0.0,0.0,0.0,0.0,0.0,0.0,0.0,0.0,0.0,0.0,0.0,1.0,0.0,0.0,50.0,22.0,Cluster 0,Cluster 1
2026-07-03 02:10:01.001000+00:00,52.8,20.7,49.7,20.8,21.3,20.3,0.0,0.0,0.0,0.0,0.0,0.0,0.0,0.0,0.0,0.0,0.0,0.0,0.0,0.0,0.0,0.0,0.0,0.0,0.0,1.0,0.0,0.0,50.0,22.0,Cluster 0,Cluster 1
2026-07-18 07:05:00.001000+00:00,50.3,17.8,50.5,19.8,20.2,20.2,0.0,0.0,0.0,0.0,0.0,0.0,0.0,0.0,0.0,0.0,0.0,0.0,0.0,0.0,0.0,0.0,0.0,0.0,0.0,1.0,0.0,0.0,50.0,22.0,Cluster 0,Cluster 0
2026-07-11 00:30:02.001000+00:00,52.4,19.7,49.0,19.8,20.7,19.6,0.0,0.0,0.0,0.0,0.0,0.0,0.0,0.0,0.0,0.0,0.0,0.0,0.0,0.0,0.0,0.0,0.0,0.0,0.0,1.0,0.0,0.0,50.0,22.0,Cluster 0,Cluster 0
2026-07-21 03:15:02.001000+00:00,52.8,20.6,48.8,20.7,21.2,19.9,0.0,0.0,0.0,0.0,0.0,0.0,0.0,0.0,0.0,0.0,0.0,0.0,0.0,0.0,0.0,0.0,0.0,0.0,0.0,1.0,0.0,0.0,50.0,22.0,Cluster 0,Cluster 1
2026-07-10 09:00:00.001000+00:00,51.8,18.0,50.1,19.4,20.2,19.6,0.0,0.0,0.0,0.0,0.0,0.0,0.0,0.0,0.0,0.0,0.0,0.0,0.0,0.0,0.0,0.0,0.0,0.0,0.0,1.0,0.0,0.0,50.0,22.0,Cluster 0,Cluster 0
2026-07-05 10:05:01.001000+00:00,50.9,18.4,48.8,19.7,20.4,19.7,0.0,0.0,0.0,0.0,0.0,0.0,0.0,0.0,0.0,0.0,0.0,0.0,0.0,0.0,0.0,0.0,0.0,0.0,0.0,1.0,0.0,0.0,50.0,22.0,Cluster 0,Cluster 0
2026-07-09 10:20:00.001000+00:00,51.5,18.3,49.4,19.4,20.3,19.6,0.0,0.0,0.0,0.0,0.0,0.0,0.0,0.0,0.0,0.0,0.0,0.0,0.0,0.0,0.0,0.0,0.0,0.0,0.0,1.0,0.0,0.0,50.0,22.0,Cluster 0,Cluster 0
2026-07-02 11:20:01.001000+00:00,49.3,19.2,47.9,20.3,20.9,20.4,0.0,0.0,0.0,0.0,0.0,0.0,0.0,0.0,0.0,0.0,0.0,0.0,0.0,0.0,0.0,0.0,0.0,0.0,0.0,1.0,0.0,0.0,50.0,22.0,Cluster 0,Cluster 1
2026-07-09 01:45:00.001000+00:00,54.0,19.8,49.9,20.0,20.8,19.5,0.0,0.0,0.0,0.0,0.0,0.0,0.0,0.0,0.0,0.0,0.0,0.0,0.0,0.0,0.0,0.0,0.0,0.0,0.0,1.0,0.0,0.0,50.0,22.0,Cluster 0,Cluster 0
2026-07-16 00:20:00.001000+00:00,52.3,21.0,48.8,21.2,21.6,20.4,0.0,0.0,0.0,0.0,0.0,0.0,0.0,0.0,0.0,0.0,0.0,0.0,0.0,0.0,0.0,0.0,0.0,0.0,0.0,1.0,0.0,0.0,50.0,22.0,Cluster 0,Cluster 1
2026-07-03 04:25:00.001000+00:00,51.5,16.7,52.9,19.6,19.9,20.3,0.0,0.0,0.0,0.0,0.0,0.0,0.0,0.0,0.0,0.0,0.0,0.0,0.0,0.0,0.0,0.0,0.0,0.0,0.0,1.0,0.0,0.0,50.0,22.0,Cluster 0,Cluster 0
2026-07-15 08:40:00.001000+00:00,48.5,18.5,47.7,20.4,20.8,20.4,0.0,0.0,0.0,0.0,0.0,0.0,0.0,0.0,0.0,0.0,0.0,0.0,0.0,0.0,0.0,0.0,0.0,0.0,0.0,1.0,0.0,0.0,50.0,22.0,Cluster 0,Cluster 1
2026-07-13 23:05:01.001000+00:00,52.1,20.9,48.8,21.2,21.6,20.5,0.0,0.0,0.0,0.0,0.0,0.0,0.0,0.0,0.0,0.0,0.0,0.0,0.0,0.0,0.0,0.0,0.0,0.0,0.0,1.0,0.0,0.0,50.0,22.0,Cluster 0,Cluster 1
2026-07-07 13:20:01.001000+00:00,53.9,18.9,50.0,19.7,20.7,19.6,0.0,0.0,0.0,0.0,0.0,0.0,0.0,0.0,0.0,0.0,0.0,0.0,0.0,0.0,0.0,0.0,0.0,0.0,0.0,1.0,0.0,0.0,50.0,22.0,Cluster 0,Cluster 0
2026-07-01 16:55:01.001000+00:00,51.5,20.0,47.9,20.5,21.2,20.0,0.0,0.0,0.0,0.0,0.0,0.0,0.0,0.0,0.0,0.0,0.0,0.0,0.0,0.0,0.0,0.0,0.0,0.0,0.0,1.0,0.0,0.0,50.0,22.0,Cluster 0,Cluster 1
2026-07-05 18:10:01.001000+00:00,53.4,19.5,50.0,19.9,20.8,19.7,0.0,0.0,0.0,0.0,0.0,0.0,0.0,0.0,0.0,0.0,0.0,0.0,0.0,0.0,0.0,0.0,0.0,0.0,0.0,1.0,0.0,0.0,50.0,22.0,Cluster 0,Cluster 0
2026-07-03 10:05:01.001000+00:00,49.0,18.8,48.0,20.0,20.7,20.3,0.0,0.0,0.0,0.0,0.0,0.0,0.0,0.0,0.0,0.0,0.0,0.0,0.0,0.0,0.0,0.0,0.0,0.0,0.0,1.0,0.0,0.0,50.0,22.0,Cluster 0,Cluster 1
2026-07-10 11:15:01.001000+00:00,51.7,18.4,49.0,19.5,20.4,19.5,0.0,0.0,0.0,0.0,0.0,0.0,0.0,0.0,0.0,0.0,0.0,0.0,0.0,0.0,0.0,0.0,0.0,0.0,0.0,1.0,0.0,0.0,50.0,22.0,Cluster 0,Cluster 0
2026-07-16 19:45:01.001000+00:00,51.3,20.7,47.8,21.1,21.6,20.4,0.0,0.0,0.0,0.0,0.0,0.0,0.0,0.0,0.0,0.0,0.0,0.0,0.0,0.0,0.0,0.0,0.0,0.0,0.0,1.0,0.0,0.0,50.0,22.0,Cluster 0,Cluster 1
2026-07-13 04:15:01.001000+00:00,47.4,16.5,49.0,19.9,20.1,20.6,0.0,0.0,0.0,0.0,0.0,0.0,0.0,0.0,0.0,0.0,0.0,0.0,0.0,0.0,0.0,0.0,0.0,0.0,0.0,1.0,0.0,0.0,50.0,22.0,Cluster 0,Cluster 0
2026-07-06 19:45:01.001000+00:00,53.8,19.5,50.4,19.9,20.8,19.7,0.0,0.0,0.0,0.0,0.0,0.0,0.0,0.0,0.0,0.0,0.0,0.0,0.0,0.0,0.0,0.0,0.0,0.0,0.0,1.0,0.0,0.0,50.0,22.0,Cluster 0,Cluster 0
2026-07-16 07:55:01.001000+00:00,47.5,18.3,47.2,20.2,20.6,20.4,0.0,0.0,0.0,0.0,0.0,0.0,0.0,0.0,0.0,0.0,0.0,0.0,0.0,0.0,0.0,0.0,0.0,0.0,0.0,1.0,0.0,0.0,50.0,22.0,Cluster 0,Cluster 1
2026-07-07 06:10:00.001000+00:00,53.1,17.3,52.5,19.4,19.9,19.7,0.0,0.0,0.0,0.0,0.0,0.0,0.0,0.0,0.0,0.0,0.0,0.0,0.0,0.0,0.0,0.0,0.0,0.0,0.0,1.0,0.0,0.0,50.0,22.0,Cluster 0,Cluster 0
2026-07-19 08:15:01.001000+00:00,51.4,18.0,50.8,19.7,20.3,20.1,0.0,0.0,0.0,0.0,0.0,0.0,0.0,0.0,0.0,0.0,0.0,0.0,0.0,0.0,0.0,0.0,0.0,0.0,0.0,1.0,0.0,0.0,50.0,22.0,Cluster 0,Cluster 0
2026-07-12 14:55:01.001000+00:00,50.3,18.5,48.6,20.5,21.0,20.3,0.0,0.0,0.0,0.0,0.0,0.0,0.0,0.0,0.0,0.0,0.0,0.0,0.0,0.0,0.0,0.0,0.0,0.0,0.0,1.0,0.0,0.0,50.0,22.0,Cluster 0,Cluster 1
2026-07-22 17:45:00.001000+00:00,52.5,19.8,49.7,20.3,21.1,20.2,0.0,0.0,0.0,0.0,0.0,0.0,0.0,0.0,0.0,0.0,0.0,0.0,0.0,0.0,0.0,0.0,0.0,0.0,0.0,1.0,0.0,0.0,50.0,22.0,Cluster 0,Cluster 1
2026-07-05 23:35:01.001000+00:00,54.2,19.8,50.4,20.0,20.9,19.7,0.0,0.0,0.0,0.0,0.0,0.0,0.0,0.0,0.0,0.0,0.0,0.0,0.0,0.0,0.0,0.0,0.0,0.0,0.0,1.0,0.0,0.0,50.0,22.0,Cluster 0,Cluster 0
2026-07-12 16:50:01.001000+00:00,50.5,19.1,47.8,20.6,21.2,20.3,0.0,0.0,0.0,0.0,0.0,0.0,0.0,0.0,0.0,0.0,0.0,0.0,0.0,0.0,0.0,0.0,0.0,0.0,0.0,1.0,0.0,0.0,50.0,22.0,Cluster 0,Cluster 1
2026-07-05 12:35:01.001000+00:00,52.2,18.8,49.5,19.8,20.6,19.7,0.0,0.0,0.0,0.0,0.0,0.0,0.0,0.0,0.0,0.0,0.0,0.0,0.0,0.0,0.0,0.0,0.0,0.0,0.0,1.0,0.0,0.0,50.0,22.0,Cluster 0,Cluster 0
2026-07-17 07:55:01.001000+00:00,48.1,18.3,47.9,20.2,20.7,20.6,0.0,0.0,0.0,0.0,0.0,0.0,0.0,0.0,0.0,0.0,0.0,0.0,0.0,0.0,0.0,0.0,0.0,0.0,0.0,1.0,0.0,0.0,50.0,22.0,Cluster 0,Cluster 1
2026-07-07 04:45:00.001000+00:00,52.7,16.7,52.8,19.4,19.8,19.7,0.0,0.0,0.0,0.0,0.0,0.0,0.0,0.0,0.0,0.0,0.0,0.0,0.0,0.0,0.0,0.0,0.0,0.0,0.0,1.0,0.0,0.0,50.0,22.0,Cluster 0,Cluster 0
2026-07-12 06:20:01.001000+00:00,52.0,16.1,48.9,20.3,20.7,19.7,0.0,9.9,37.0,10.8,10.0,1.0,1.0,1.0,1.0,0.0,0.0,0.0,0.0,0.0,0.0,0.0,0.0,0.0,0.0,1.0,0.0,40.0,50.0,22.0,Cluster 1,Cluster 0
2026-07-20 19:20:01.001000+00:00,50.5,20.1,47.8,20.4,21.2,20.3,0.0,0.0,0.0,0.0,0.0,0.0,0.0,0.0,0.0,0.0,0.0,0.0,0.0,0.0,0.0,0.0,0.0,0.0,0.0,1.0,0.0,0.0,50.0,22.0,Cluster 0,Cluster 1
2026-07-06 04:40:00.001000+00:00,52.6,16.7,52.7,19.4,19.7,19.7,0.0,0.0,0.0,0.0,0.0,0.0,0.0,0.0,0.0,0.0,0.0,0.0,0.0,0.0,0.0,0.0,0.0,0.0,0.0,1.0,0.0,0.0,50.0,22.0,Cluster 0,Cluster 0
2026-07-16 19:35:01.001000+00:00,51.3,20.7,47.8,21.1,21.6,20.4,0.0,0.0,0.0,0.0,0.0,0.0,0.0,0.0,0.0,0.0,0.0,0.0,0.0,0.0,0.0,0.0,0.0,0.0,0.0,1.0,0.0,0.0,50.0,22.0,Cluster 0,Cluster 1
2026-07-11 20:40:01.001000+00:00,53.3,19.5,50.0,19.8,20.7,19.6,0.0,0.0,0.0,0.0,0.0,0.0,0.0,0.0,0.0,0.0,0.0,0.0,0.0,0.0,0.0,0.0,0.0,0.0,0.0,1.0,0.0,0.0,50.0,22.0,Cluster 0,Cluster 0
2026-07-02 16:40:00.001000+00:00,52.4,20.0,48.7,20.5,21.2,20.0,0.0,0.0,0.0,0.0,0.0,0.0,0.0,0.0,0.0,0.0,0.0,0.0,0.0,0.0,0.0,0.0,0.0,0.0,0.0,1.0,0.0,0.0,50.0,22.0,Cluster 0,Cluster 1
2026-07-13 02:25:01.001000+00:00,50.1,20.7,47.2,21.0,21.5,20.5,0.0,0.0,0.0,0.0,0.0,0.0,0.0,0.0,0.0,0.0,0.0,0.0,0.0,0.0,0.0,0.0,0.0,0.0,0.0,1.0,0.0,0.0,50.0,22.0,Cluster 0,Cluster 1
2026-07-17 10:00:00.001000+00:00,48.3,19.0,46.9,20.4,21.0,20.5,0.0,0.0,0.0,0.0,0.0,0.0,0.0,0.0,0.0,0.0,0.0,0.0,0.0,0.0,0.0,0.0,0.0,0.0,0.0,1.0,0.0,0.0,50.0,22.0,Cluster 0,Cluster 1
2026-07-10 09:25:00.001000+00:00,51.1,18.1,49.0,19.4,20.3,19.6,0.0,0.0,0.0,0.0,0.0,0.0,0.0,0.0,0.0,0.0,0.0,0.0,0.0,0.0,0.0,0.0,0.0,0.0,0.0,1.0,0.0,0.0,50.0,22.0,Cluster 0,Cluster 0
2026-07-13 10:00:01.001000+00:00,48.7,18.9,47.6,20.3,21.0,20.6,0.0,0.0,0.0,0.0,0.0,0.0,0.0,0.0,0.0,0.0,0.0,0.0,0.0,0.0,0.0,0.0,0.0,0.0,0.0,1.0,0.0,0.0,50.0,22.0,Cluster 0,Cluster 1
2026-07-13 04:20:00.001000+00:00,47.6,16.6,48.9,19.9,20.1,20.5,0.0,0.0,0.0,0.0,0.0,0.0,0.0,0.0,0.0,0.0,0.0,0.0,0.0,0.0,0.0,0.0,0.0,0.0,0.0,1.0,0.0,0.0,50.0,22.0,Cluster 0,Cluster 0
2026-07-02 05:55:00.001000+00:00,51.7,17.4,52.5,19.9,20.1,20.3,0.0,0.0,0.0,0.0,0.0,0.0,0.0,0.0,0.0,0.0,0.0,0.0,0.0,0.0,0.0,0.0,0.0,0.0,0.0,1.0,0.0,0.0,50.0,22.0,Cluster 0,Cluster 0
2026-07-11 01:30:01.001000+00:00,53.3,19.7,49.9,19.9,20.7,19.6,0.0,0.0,0.0,0.0,0.0,0.0,0.0,0.0,0.0,0.0,0.0,0.0,0.0,0.0,0.0,0.0,0.0,0.0,0.0,1.0,0.0,0.0,50.0,22.0,Cluster 0,Cluster 0
2026-07-13 05:05:00.001000+00:00,48.9,17.0,50.5,19.9,20.0,20.5,0.0,0.0,0.0,0.0,0.0,0.0,0.0,0.0,0.0,0.0,0.0,0.0,0.0,0.0,0.0,0.0,0.0,0.0,0.0,1.0,0.0,0.0,50.0,22.0,Cluster 0,Cluster 0
2026-07-09 03:25:01.001000+00:00,54.0,19.8,49.9,20.0,20.8,19.5,0.0,0.0,0.0,0.0,0.0,0.0,0.0,0.0,0.0,0.0,0.0,0.0,0.0,0.0,0.0,0.0,0.0,0.0,0.0,1.0,0.0,0.0,50.0,22.0,Cluster 0,Cluster 0
2026-07-05 20:55:01.001000+00:00,54.0,19.7,50.5,20.0,20.8,19.7,0.0,0.0,0.0,0.0,0.0,0.0,0.0,0.0,0.0,0.0,0.0,0.0,0.0,0.0,0.0,0.0,0.0,0.0,0.0,1.0,0.0,0.0,50.0,22.0,Cluster 0,Cluster 0
2026-07-16 00:25:01.001000+00:00,52.3,21.0,48.6,21.2,21.6,20.4,0.0,0.0,0.0,0.0,0.0,0.0,0.0,0.0,0.0,0.0,0.0,0.0,0.0,0.0,0.0,0.0,0.0,0.0,0.0,1.0,0.0,0.0,50.0,22.0,Cluster 0,Cluster 1
2026-07-07 20:35:02.001000+00:00,53.5,19.6,50.0,19.9,20.9,19.9,0.0,0.0,0.0,0.0,0.0,0.0,0.0,0.0,0.0,0.0,0.0,0.0,0.0,0.0,0.0,0.0,0.0,0.0,0.0,1.0,0.0,0.0,50.0,22.0,Cluster 0,Cluster 0
2026-07-02 14:05:01.001000+00:00,52.0,19.7,48.7,20.4,21.1,20.0,0.0,0.0,0.0,0.0,0.0,0.0,0.0,0.0,0.0,0.0,0.0,0.0,0.0,0.0,0.0,0.0,0.0,0.0,0.0,1.0,0.0,0.0,50.0,22.0,Cluster 0,Cluster 1
2026-07-21 05:35:01.001000+00:00,51.6,16.9,52.1,19.7,19.8,19.9,0.0,0.0,0.0,0.0,0.0,0.0,0.0,0.0,0.0,0.0,0.0,0.0,0.0,0.0,0.0,0.0,0.0,0.0,0.0,1.0,0.0,0.0,50.0,22.0,Cluster 0,Cluster 0
2026-07-15 06:55:00.001000+00:00,48.0,17.8,47.8,20.2,20.5,20.4,0.0,0.0,0.0,0.0,0.0,0.0,0.0,0.0,0.0,0.0,0.0,0.0,0.0,0.0,0.0,0.0,0.0,0.0,0.0,1.0,0.0,0.0,50.0,22.0,Cluster 0,Cluster 1
2026-07-07 22:40:01.001000+00:00,54.5,19.7,50.4,20.0,20.9,19.6,0.0,0.0,0.0,0.0,0.0,0.0,0.0,0.0,0.0,0.0,0.0,0.0,0.0,0.0,0.0,0.0,0.0,0.0,0.0,1.0,0.0,0.0,50.0,22.0,Cluster 0,Cluster 0
2026-07-12 18:50:01.001000+00:00,50.2,19.6,47.9,20.7,21.3,20.5,0.0,0.0,0.0,0.0,0.0,0.0,0.0,0.0,0.0,0.0,0.0,0.0,0.0,0.0,0.0,0.0,0.0,0.0,0.0,1.0,0.0,0.0,50.0,22.0,Cluster 0,Cluster 1
2026-07-21 01:55:01.001000+00:00,52.4,20.5,48.7,20.7,21.2,20.0,0.0,0.0,0.0,0.0,0.0,0.0,0.0,0.0,0.0,0.0,0.0,0.0,0.0,0.0,0.0,0.0,0.0,0.0,0.0,1.0,0.0,0.0,50.0,22.0,Cluster 0,Cluster 1
2026-07-12 14:50:02.001000+00:00,50.3,18.5,48.7,20.4,21.0,20.3,0.0,0.0,0.0,0.0,0.0,0.0,0.0,0.0,0.0,0.0,0.0,0.0,0.0,0.0,0.0,0.0,0.0,0.0,0.0,1.0,0.0,0.0,50.0,22.0,Cluster 0,Cluster 1
2026-07-04 12:45:01.001000+00:00,52.0,19.4,48.7,20.4,21.0,19.9,0.0,0.0,0.0,0.0,0.0,0.0,0.0,0.0,0.0,0.0,0.0,0.0,0.0,0.0,0.0,0.0,0.0,0.0,0.0,1.0,0.0,0.0,50.0,22.0,Cluster 0,Cluster 1
2026-07-11 01:45:01.001000+00:00,53.3,19.7,49.9,19.9,20.7,19.6,0.0,0.0,0.0,0.0,0.0,0.0,0.0,0.0,0.0,0.0,0.0,0.0,0.0,0.0,0.0,0.0,0.0,0.0,0.0,1.0,0.0,0.0,50.0,22.0,Cluster 0,Cluster 0
2026-07-10 17:55:02.001000+00:00,53.0,19.3,49.9,19.7,20.6,19.6,0.0,0.0,0.0,0.0,0.0,0.0,0.0,0.0,0.0,0.0,0.0,0.0,0.0,0.0,0.0,0.0,0.0,0.0,0.0,1.0,0.0,0.0,50.0,22.0,Cluster 0,Cluster 0
2026-07-08 10:00:01.001000+00:00,51.6,18.3,49.4,19.5,20.5,19.8,0.0,0.0,0.0,0.0,0.0,0.0,0.0,0.0,0.0,0.0,0.0,0.0,0.0,0.0,0.0,0.0,0.0,0.0,0.0,1.0,0.0,0.0,50.0,22.0,Cluster 0,Cluster 0
2026-07-08 22:40:00.001000+00:00,53.7,19.7,50.0,19.9,20.8,19.6,0.0,0.0,0.0,0.0,0.0,0.0,0.0,0.0,0.0,0.0,0.0,0.0,0.0,0.0,0.0,0.0,0.0,0.0,0.0,1.0,0.0,0.0,50.0,22.0,Cluster 0,Cluster 0
2026-07-01 13:20:01.001000+00:00,52.0,19.5,48.7,20.4,21.1,20.0,0.0,0.0,0.0,0.0,0.0,0.0,0.0,0.0,0.0,0.0,0.0,0.0,0.0,0.0,0.0,0.0,0.0,0.0,0.0,1.0,0.0,0.0,50.0,22.0,Cluster 0,Cluster 1
2026-07-12 05:45:00.001000+00:00,52.6,16.1,49.5,20.2,20.6,19.6,0.0,9.3,35.0,10.0,10.0,1.0,1.0,1.0,1.0,0.0,0.0,0.0,0.0,0.0,0.0,0.0,0.0,0.0,0.0,1.0,0.0,40.0,50.0,22.0,Cluster 1,Cluster 0
2026-07-10 08:25:01.001000+00:00,51.3,17.8,49.5,19.3,20.2,19.6,0.0,0.0,0.0,0.0,0.0,0.0,0.0,0.0,0.0,0.0,0.0,0.0,0.0,0.0,0.0,0.0,0.0,0.0,0.0,1.0,0.0,0.0,50.0,22.0,Cluster 0,Cluster 0
2026-07-17 18:05:00.001000+00:00,51.6,20.6,47.7,21.1,21.6,20.3,0.0,0.0,0.0,0.0,0.0,0.0,0.0,0.0,0.0,0.0,0.0,0.0,0.0,0.0,0.0,0.0,0.0,0.0,0.0,1.0,0.0,0.0,50.0,22.0,Cluster 0,Cluster 1
2026-07-20 12:25:00.001000+00:00,48.7,18.9,48.8,19.9,20.6,20.6,0.0,0.0,0.0,0.0,0.0,0.0,0.0,0.0,0.0,0.0,0.0,0.0,0.0,0.0,0.0,0.0,0.0,0.0,0.0,1.0,0.0,0.0,50.0,22.0,Cluster 0,Cluster 1
2026-07-21 01:45:02.001000+00:00,51.9,20.5,48.3,20.7,21.2,20.0,0.0,0.0,0.0,0.0,0.0,0.0,0.0,0.0,0.0,0.0,0.0,0.0,0.0,0.0,0.0,0.0,0.0,0.0,0.0,1.0,0.0,0.0,50.0,22.0,Cluster 0,Cluster 1
2026-07-04 07:20:01.001000+00:00,49.5,18.0,49.3,19.9,20.4,20.3,0.0,0.0,0.0,0.0,0.0,0.0,0.0,0.0,0.0,0.0,0.0,0.0,0.0,0.0,0.0,0.0,0.0,0.0,0.0,1.0,0.0,0.0,50.0,22.0,Cluster 0,Cluster 0
2026-07-13 22:40:00.001000+00:00,52.1,20.9,48.8,21.2,21.6,20.5,0.0,0.0,0.0,0.0,0.0,0.0,0.0,0.0,0.0,0.0,0.0,0.0,0.0,0.0,0.0,0.0,0.0,0.0,0.0,1.0,0.0,0.0,50.0,22.0,Cluster 0,Cluster 1
2026-07-19 11:30:02.001000+00:00,53.0,18.8,50.8,19.9,20.6,19.9,0.0,0.0,0.0,0.0,0.0,0.0,0.0,0.0,0.0,0.0,0.0,0.0,0.0,0.0,0.0,0.0,0.0,0.0,0.0,1.0,0.0,0.0,50.0,22.0,Cluster 0,Cluster 0
2026-07-15 03:50:00.001000+00:00,48.0,16.2,46.1,20.3,21.1,20.4,0.0,0.0,0.0,0.0,0.0,0.0,0.0,0.0,0.0,0.0,0.0,0.0,0.0,0.0,0.0,0.0,0.0,0.0,0.0,1.0,0.0,0.0,50.0,22.0,Cluster 0,Cluster 1
2026-07-08 08:25:01.001000+00:00,51.3,18.0,49.5,19.5,20.3,19.7,0.0,0.0,0.0,0.0,0.0,0.0,0.0,0.0,0.0,0.0,0.0,0.0,0.0,0.0,0.0,0.0,0.0,0.0,0.0,1.0,0.0,0.0,50.0,22.0,Cluster 0,Cluster 0
2026-07-21 17:30:01.001000+00:00,51.8,19.7,49.7,20.2,21.0,20.3,0.0,0.0,0.0,0.0,0.0,0.0,0.0,0.0,0.0,0.0,0.0,0.0,0.0,0.0,0.0,0.0,0.0,0.0,0.0,1.0,0.0,0.0,50.0,22.0,Cluster 0,Cluster 1
2026-07-18 23:15:01.001000+00:00,56.7,20.3,52.7,20.5,21.1,19.9,0.0,0.0,0.0,0.0,0.0,0.0,0.0,0.0,0.0,0.0,0.0,0.0,0.0,0.0,0.0,0.0,0.0,0.0,0.0,1.0,0.0,0.0,50.0,22.0,Cluster 0,Cluster 0
2026-07-17 06:50:01.001000+00:00,47.6,17.9,47.7,20.1,20.5,20.5,0.0,0.0,0.0,0.0,0.0,0.0,0.0,0.0,0.0,0.0,0.0,0.0,0.0,0.0,0.0,0.0,0.0,0.0,0.0,1.0,0.0,0.0,50.0,22.0,Cluster 0,Cluster 1
2026-07-09 03:45:01.001000+00:00,52.9,16.1,50.4,19.3,20.3,19.5,0.0,0.0,0.0,0.0,0.0,0.0,0.0,0.0,0.0,0.0,0.0,0.0,0.0,0.0,0.0,0.0,0.0,0.0,0.0,1.0,0.0,0.0,50.0,22.0,Cluster 0,Cluster 0
2026-07-17 02:25:01.001000+00:00,49.9,21.1,46.7,21.3,21.6,20.5,0.0,0.0,0.0,0.0,0.0,0.0,0.0,0.0,0.0,0.0,0.0,0.0,0.0,0.0,0.0,0.0,0.0,0.0,0.0,1.0,0.0,0.0,50.0,22.0,Cluster 0,Cluster 1
2026-07-15 10:20:00.001000+00:00,48.6,19.0,46.9,20.5,21.0,20.5,1.0,0.0,0.0,0.0,0.0,0.0,0.0,0.0,0.0,0.0,0.0,0.0,0.0,0.0,0.0,0.0,0.0,0.0,0.0,1.0,0.0,0.0,50.0,22.0,Cluster 0,Cluster 1
2026-07-06 03:40:01.001000+00:00,52.7,16.3,50.9,19.5,20.3,19.7,0.0,0.0,0.0,0.0,0.0,0.0,0.0,0.0,0.0,0.0,0.0,0.0,0.0,0.0,0.0,0.0,0.0,0.0,0.0,1.0,0.0,0.0,50.0,22.0,Cluster 0,Cluster 0
2026-07-21 22:50:02.001000+00:00,53.0,20.3,49.9,20.5,21.2,20.2,0.0,0.0,0.0,0.0,0.0,0.0,0.0,0.0,0.0,0.0,0.0,0.0,0.0,0.0,0.0,0.0,0.0,0.0,0.0,1.0,0.0,0.0,50.0,22.0,Cluster 0,Cluster 1
2026-07-15 08:35:00.001000+00:00,48.8,18.5,47.7,20.4,20.8,20.4,0.0,0.0,0.0,0.0,0.0,0.0,0.0,0.0,0.0,0.0,0.0,0.0,0.0,0.0,0.0,0.0,0.0,0.0,0.0,1.0,0.0,0.0,50.0,22.0,Cluster 0,Cluster 1
2026-07-16 22:15:01.001000+00:00,52.1,20.9,48.8,21.2,21.6,20.5,0.0,0.0,0.0,0.0,0.0,0.0,0.0,0.0,0.0,0.0,0.0,0.0,0.0,0.0,0.0,0.0,0.0,0.0,0.0,1.0,0.0,0.0,50.0,22.0,Cluster 0,Cluster 1
2026-07-22 05:45:00.001000+00:00,52.7,17.1,53.4,19.8,19.9,20.1,0.0,0.0,0.0,0.0,0.0,0.0,0.0,0.0,0.0,0.0,0.0,0.0,0.0,0.0,0.0,0.0,0.0,0.0,0.0,1.0,0.0,0.0,50.0,22.0,Cluster 0,Cluster 0
2026-07-03 08:30:01.001000+00:00,49.9,18.4,49.0,19.9,20.6,20.3,0.0,0.0,0.0,0.0,0.0,0.0,0.0,0.0,0.0,0.0,0.0,0.0,0.0,0.0,0.0,0.0,0.0,0.0,0.0,1.0,0.0,0.0,50.0,22.0,Cluster 0,Cluster 0
2026-07-09 05:50:01.001000+00:00,52.8,17.0,52.6,19.2,19.7,19.6,0.0,0.0,0.0,0.0,0.0,0.0,0.0,0.0,0.0,0.0,0.0,0.0,0.0,0.0,0.0,0.0,0.0,0.0,0.0,1.0,0.0,0.0,50.0,22.0,Cluster 0,Cluster 0
2026-07-05 05:50:01.001000+00:00,52.4,17.2,51.5,19.6,19.9,19.6,0.0,0.0,0.0,0.0,0.0,0.0,0.0,0.0,0.0,0.0,0.0,0.0,0.0,0.0,0.0,0.0,0.0,0.0,0.0,1.0,0.0,0.0,50.0,22.0,Cluster 0,Cluster 0
2026-07-02 14:30:00.001000+00:00,52.2,19.7,48.8,20.4,21.1,20.0,0.0,0.0,0.0,0.0,0.0,0.0,0.0,0.0,0.0,0.0,0.0,0.0,0.0,0.0,0.0,0.0,0.0,0.0,0.0,1.0,0.0,0.0,50.0,22.0,Cluster 0,Cluster 1
2026-07-04 13:40:01.001000+00:00,52.2,19.6,48.8,20.4,21.0,19.9,0.0,0.0,0.0,0.0,0.0,0.0,0.0,0.0,0.0,0.0,0.0,0.0,0.0,0.0,0.0,0.0,0.0,0.0,0.0,1.0,0.0,0.0,50.0,22.0,Cluster 0,Cluster 1
2026-07-05 22:35:01.001000+00:00,54.3,19.7,50.5,20.0,20.9,19.7,0.0,0.0,0.0,0.0,0.0,0.0,0.0,0.0,0.0,0.0,0.0,0.0,0.0,0.0,0.0,0.0,0.0,0.0,0.0,1.0,0.0,0.0,50.0,22.0,Cluster 0,Cluster 0
2026-07-07 15:50:01.001000+00:00,52.7,19.2,50.0,19.8,20.7,19.8,0.0,0.0,0.0,0.0,0.0,0.0,0.0,0.0,0.0,0.0,0.0,0.0,0.0,0.0,0.0,0.0,0.0,0.0,0.0,1.0,0.0,0.0,50.0,22.0,Cluster 0,Cluster 0
2026-07-14 12:15:01.001000+00:00,48.1,19.6,46.2,20.6,21.2,20.5,0.0,0.0,0.0,0.0,0.0,0.0,0.0,0.0,0.0,0.0,0.0,0.0,0.0,0.0,0.0,0.0,0.0,0.0,0.0,1.0,0.0,0.0,50.0,22.0,Cluster 0,Cluster 1
2026-07-01 00:55:00.001000+00:00,52.8,20.6,49.7,20.8,21.3,20.3,0.0,0.0,0.0,0.0,0.0,0.0,0.0,0.0,0.0,0.0,0.0,0.0,0.0,0.0,0.0,0.0,0.0,0.0,0.0,1.0,0.0,0.0,50.0,22.0,Cluster 0,Cluster 1
2026-07-04 05:10:01.001000+00:00,51.9,17.1,53.0,19.9,20.0,20.3,0.0,0.0,0.0,0.0,0.0,0.0,0.0,0.0,0.0,0.0,0.0,0.0,0.0,0.0,0.0,0.0,0.0,0.0,0.0,1.0,0.0,0.0,50.0,22.0,Cluster 0,Cluster 0
2026-07-03 08:25:01.001000+00:00,50.3,18.4,49.7,19.9,20.5,20.3,0.0,0.0,0.0,0.0,0.0,0.0,0.0,0.0,0.0,0.0,0.0,0.0,0.0,0.0,0.0,0.0,0.0,0.0,0.0,1.0,0.0,0.0,50.0,22.0,Cluster 0,Cluster 0
2026-07-18 06:15:00.001000+00:00,51.5,17.5,51.9,19.8,20.0,20.1,0.0,0.0,0.0,0.0,0.0,0.0,0.0,0.0,0.0,0.0,0.0,0.0,0.0,0.0,0.0,0.0,0.0,0.0,0.0,1.0,0.0,0.0,50.0,22.0,Cluster 0,Cluster 0
2026-07-16 02:45:01.001000+00:00,49.9,21.1,46.7,21.3,21.6,20.5,0.0,0.0,0.0,0.0,0.0,0.0,0.0,0.0,0.0,0.0,0.0,0.0,0.0,0.0,0.0,0.0,0.0,0.0,0.0,1.0,0.0,0.0,50.0,22.0,Cluster 0,Cluster 1
2026-07-17 04:45:01.001000+00:00,48.0,16.8,49.3,20.0,20.1,20.5,0.0,0.0,0.0,0.0,0.0,0.0,0.0,0.0,0.0,0.0,0.0,0.0,0.0,0.0,0.0,0.0,0.0,0.0,0.0,1.0,0.0,0.0,50.0,22.0,Cluster 0,Cluster 0
2026-07-18 13:30:01.001000+00:00,52.0,19.3,49.9,20.1,20.9,20.2,0.0,0.0,0.0,0.0,0.0,0.0,0.0,0.0,0.0,0.0,0.0,0.0,0.0,0.0,0.0,0.0,0.0,0.0,0.0,1.0,0.0,0.0,50.0,22.0,Cluster 0,Cluster 1
2026-07-01 05:55:00.001000+00:00,52.1,17.5,52.5,19.9,20.2,20.3,0.0,0.0,0.0,0.0,0.0,0.0,0.0,0.0,0.0,0.0,0.0,0.0,0.0,0.0,0.0,0.0,0.0,0.0,0.0,1.0,0.0,0.0,50.0,22.0,Cluster 0,Cluster 0
2026-07-11 08:15:00.001000+00:00,51.0,17.8,49.5,19.3,20.1,19.6,0.0,0.0,0.0,0.0,0.0,0.0,0.0,0.0,0.0,0.0,0.0,0.0,0.0,0.0,0.0,0.0,0.0,0.0,0.0,1.0,0.0,0.0,50.0,22.0,Cluster 0,Cluster 0
2026-07-09 22:25:00.001000+00:00,53.7,19.6,50.0,19.9,20.8,19.6,0.0,0.0,0.0,0.0,0.0,0.0,0.0,0.0,0.0,0.0,0.0,0.0,0.0,0.0,0.0,0.0,0.0,0.0,0.0,1.0,0.0,0.0,50.0,22.0,Cluster 0,Cluster 0
2026-07-06 17:45:01.001000+00:00,53.3,19.4,49.9,19.9,20.8,19.7,0.0,0.0,0.0,0.0,0.0,0.0,0.0,0.0,0.0,0.0,0.0,0.0,0.0,0.0,0.0,0.0,0.0,0.0,0.0,1.0,0.0,0.0,50.0,22.0,Cluster 0,Cluster 0
2026-07-03 15:30:01.001000+00:00,52.4,19.8,48.7,20.4,21.2,20.0,0.0,0.0,0.0,0.0,0.0,0.0,0.0,0.0,0.0,0.0,0.0,0.0,0.0,0.0,0.0,0.0,0.0,0.0,0.0,1.0,0.0,0.0,50.0,22.0,Cluster 0,Cluster 1
2026-07-01 17:35:01.001000+00:00,51.5,20.1,47.9,20.6,21.2,20.0,0.0,0.0,0.0,0.0,0.0,0.0,0.0,0.0,0.0,0.0,0.0,0.0,0.0,0.0,0.0,0.0,0.0,0.0,0.0,1.0,0.0,0.0,50.0,22.0,Cluster 0,Cluster 1
2026-07-16 16:20:01.001000+00:00,50.6,20.3,46.8,20.9,21.5,20.2,0.0,0.0,0.0,0.0,0.0,0.0,0.0,0.0,0.0,0.0,0.0,0.0,0.0,0.0,0.0,0.0,0.0,0.0,0.0,1.0,0.0,0.0,50.0,22.0,Cluster 0,Cluster 1
2026-07-14 20:10:01.001000+00:00,51.5,20.8,48.2,21.1,21.6,20.5,1.0,0.0,0.0,0.0,0.0,0.0,0.0,0.0,0.0,0.0,0.0,0.0,0.0,0.0,0.0,0.0,0.0,0.0,0.0,1.0,0.0,0.0,50.0,22.0,Cluster 0,Cluster 1
2026-07-16 10:15:00.001000+00:00,49.0,19.0,47.6,20.4,21.0,20.5,1.0,0.0,0.0,0.0,0.0,0.0,0.0,0.0,0.0,0.0,0.0,0.0,0.0,0.0,0.0,0.0,0.0,0.0,0.0,1.0,0.0,0.0,50.0,22.0,Cluster 0,Cluster 1
2026-07-20 16:20:02.001000+00:00,49.3,19.6,48.8,20.2,21.0,20.9,0.0,0.0,0.0,0.0,0.0,0.0,0.0,0.0,0.0,0.0,0.0,0.0,0.0,0.0,0.0,0.0,0.0,0.0,0.0,1.0,0.0,0.0,50.0,22.0,Cluster 0,Cluster 1
2026-07-22 22:20:00.001000+00:00,52.9,20.2,49.8,20.5,21.2,20.2,0.0,0.0,0.0,0.0,0.0,0.0,0.0,0.0,0.0,0.0,0.0,0.0,0.0,0.0,0.0,0.0,0.0,0.0,0.0,1.0,0.0,0.0,50.0,22.0,Cluster 0,Cluster 1
2026-07-21 07:45:02.001000+00:00,51.9,17.7,51.4,19.8,20.1,19.9,0.0,0.0,0.0,0.0,0.0,0.0,0.0,0.0,0.0,0.0,0.0,0.0,0.0,0.0,0.0,0.0,0.0,0.0,0.0,1.0,0.0,0.0,50.0,22.0,Cluster 0,Cluster 0
2026-07-19 20:35:00.001000+00:00,52.8,20.0,49.7,20.4,21.0,20.0,0.0,0.0,0.0,0.0,0.0,0.0,0.0,0.0,0.0,0.0,0.0,0.0,0.0,0.0,0.0,0.0,0.0,0.0,0.0,1.0,0.0,0.0,50.0,22.0,Cluster 0,Cluster 1
2026-07-03 01:10:01.001000+00:00,52.8,20.6,49.7,20.8,21.3,20.3,0.0,0.0,0.0,0.0,0.0,0.0,0.0,0.0,0.0,0.0,0.0,0.0,0.0,0.0,0.0,0.0,0.0,0.0,0.0,1.0,0.0,0.0,50.0,22.0,Cluster 0,Cluster 1
2026-07-02 13:05:01.001000+00:00,52.2,19.5,48.8,20.4,21.1,20.0,0.0,0.0,0.0,0.0,0.0,0.0,0.0,0.0,0.0,0.0,0.0,0.0,0.0,0.0,0.0,0.0,0.0,0.0,0.0,1.0,0.0,0.0,50.0,22.0,Cluster 0,Cluster 1
2026-07-14 06:25:01.001000+00:00,48.2,17.6,48.9,20.1,20.3,20.5,0.0,0.0,0.0,0.0,0.0,0.0,0.0,0.0,0.0,0.0,0.0,0.0,0.0,0.0,0.0,0.0,0.0,0.0,0.0,1.0,0.0,0.0,50.0,22.0,Cluster 0,Cluster 0
2026-07-01 05:10:01.001000+00:00,51.5,17.2,52.6,19.9,20.0,20.3,0.0,0.0,0.0,0.0,0.0,0.0,0.0,0.0,0.0,0.0,0.0,0.0,0.0,0.0,0.0,0.0,0.0,0.0,0.0,1.0,0.0,0.0,50.0,22.0,Cluster 0,Cluster 0
2026-07-10 19:20:01.001000+00:00,53.0,19.3,49.9,19.7,20.7,19.6,0.0,0.0,0.0,0.0,0.0,0.0,0.0,0.0,0.0,0.0,0.0,0.0,0.0,0.0,0.0,0.0,0.0,0.0,0.0,1.0,0.0,0.0,50.0,22.0,Cluster 0,Cluster 0
2026-07-09 04:30:00.001000+00:00,52.7,16.5,52.8,19.2,19.6,19.6,0.0,0.0,0.0,0.0,0.0,0.0,0.0,0.0,0.0,0.0,0.0,0.0,0.0,0.0,0.0,0.0,0.0,0.0,0.0,1.0,0.0,0.0,50.0,22.0,Cluster 0,Cluster 0
2026-07-06 07:15:01.001000+00:00,51.1,17.6,50.0,19.4,20.1,19.7,0.0,0.0,0.0,0.0,0.0,0.0,0.0,0.0,0.0,0.0,0.0,0.0,0.0,0.0,0.0,0.0,0.0,0.0,0.0,1.0,0.0,0.0,50.0,22.0,Cluster 0,Cluster 0
2026-07-03 20:40:01.001000+00:00,53.0,20.4,49.9,20.6,21.2,20.2,0.0,0.0,0.0,0.0,0.0,0.0,0.0,0.0,0.0,0.0,0.0,0.0,0.0,0.0,0.0,0.0,0.0,0.0,0.0,1.0,0.0,0.0,50.0,22.0,Cluster 0,Cluster 1
2026-07-05 23:25:01.001000+00:00,54.2,19.8,50.4,20.0,20.9,19.7,0.0,0.0,0.0,0.0,0.0,0.0,0.0,0.0,0.0,0.0,0.0,0.0,0.0,0.0,0.0,0.0,0.0,0.0,0.0,1.0,0.0,0.0,50.0,22.0,Cluster 0,Cluster 0
2026-07-11 09:30:01.001000+00:00,51.1,18.1,49.0,19.4,20.3,19.6,0.0,0.0,0.0,0.0,0.0,0.0,0.0,0.0,0.0,0.0,0.0,0.0,0.0,0.0,0.0,0.0,0.0,0.0,0.0,1.0,0.0,0.0,50.0,22.0,Cluster 0,Cluster 0
2026-07-08 23:20:01.001000+00:00,54.4,19.7,50.0,20.0,20.9,19.5,0.0,0.0,0.0,0.0,0.0,0.0,0.0,0.0,0.0,0.0,0.0,0.0,0.0,0.0,0.0,0.0,0.0,0.0,0.0,1.0,0.0,0.0,50.0,22.0,Cluster 0,Cluster 0
2026-07-08 09:40:01.001000+00:00,50.8,18.2,49.0,19.5,20.4,19.8,0.0,0.0,0.0,0.0,0.0,0.0,0.0,0.0,0.0,0.0,0.0,0.0,0.0,0.0,0.0,0.0,0.0,0.0,0.0,1.0,0.0,0.0,50.0,22.0,Cluster 0,Cluster 0
2026-07-07 14:05:01.001000+00:00,53.1,19.0,50.0,19.7,20.7,19.7,0.0,0.0,0.0,0.0,0.0,0.0,0.0,0.0,0.0,0.0,0.0,0.0,0.0,0.0,0.0,0.0,0.0,0.0,0.0,1.0,0.0,0.0,50.0,22.0,Cluster 0,Cluster 0
2026-07-11 21:20:01.001000+00:00,53.4,19.5,50.0,19.8,20.7,19.6,0.0,0.0,0.0,0.0,0.0,0.0,0.0,0.0,0.0,0.0,0.0,0.0,0.0,0.0,0.0,0.0,0.0,0.0,0.0,1.0,0.0,0.0,50.0,22.0,Cluster 0,Cluster 0
2026-07-22 22:55:00.001000+00:00,52.9,20.3,49.8,20.5,21.2,20.2,0.0,0.0,0.0,0.0,0.0,0.0,0.0,0.0,0.0,0.0,0.0,0.0,0.0,0.0,0.0,0.0,0.0,0.0,0.0,1.0,0.0,0.0,50.0,22.0,Cluster 0,Cluster 1
2026-07-13 04:25:01.001000+00:00,47.3,16.6,48.9,19.9,20.1,20.5,0.0,0.0,0.0,0.0,0.0,0.0,0.0,0.0,0.0,0.0,0.0,0.0,0.0,0.0,0.0,0.0,0.0,0.0,0.0,1.0,0.0,0.0,50.0,22.0,Cluster 0,Cluster 0
2026-07-20 17:20:02.001000+00:00,49.5,19.8,48.7,20.3,21.1,20.8,0.0,0.0,0.0,0.0,0.0,0.0,0.0,0.0,0.0,0.0,0.0,0.0,0.0,0.0,0.0,0.0,0.0,0.0,0.0,1.0,0.0,0.0,50.0,22.0,Cluster 0,Cluster 1
2026-07-02 13:30:00.001000+00:00,52.0,19.6,48.7,20.4,21.1,20.0,0.0,0.0,0.0,0.0,0.0,0.0,0.0,0.0,0.0,0.0,0.0,0.0,0.0,0.0,0.0,0.0,0.0,0.0,0.0,1.0,0.0,0.0,50.0,22.0,Cluster 0,Cluster 1
2026-07-11 21:50:00.001000+00:00,53.4,19.6,50.0,19.8,20.7,19.6,0.0,0.0,0.0,0.0,0.0,0.0,0.0,0.0,0.0,0.0,0.0,0.0,0.0,0.0,0.0,0.0,0.0,0.0,0.0,1.0,0.0,0.0,50.0,22.0,Cluster 0,Cluster 0
2026-07-12 13:55:00.001000+00:00,50.4,18.2,48.7,20.4,20.8,20.2,0.0,0.0,0.0,0.0,0.0,0.0,0.0,0.0,0.0,0.0,0.0,0.0,0.0,0.0,0.0,0.0,0.0,0.0,0.0,1.0,0.0,0.0,50.0,22.0,Cluster 0,Cluster 1
2026-07-09 08:05:01.001000+00:00,51.4,17.7,49.5,19.3,20.1,19.6,0.0,0.0,0.0,0.0,0.0,0.0,0.0,0.0,0.0,0.0,0.0,0.0,0.0,0.0,0.0,0.0,0.0,0.0,0.0,1.0,0.0,0.0,50.0,22.0,Cluster 0,Cluster 0
2026-07-15 16:50:00.001000+00:00,50.6,20.4,46.8,21.0,21.5,20.2,0.0,0.0,0.0,0.0,0.0,0.0,0.0,0.0,0.0,0.0,0.0,0.0,0.0,0.0,0.0,0.0,0.0,0.0,0.0,1.0,0.0,0.0,50.0,22.0,Cluster 0,Cluster 1
2026-07-14 16:10:01.001000+00:00,50.5,20.3,46.7,20.9,21.5,20.2,0.0,0.0,0.0,0.0,0.0,0.0,0.0,0.0,0.0,0.0,0.0,0.0,0.0,0.0,0.0,0.0,0.0,0.0,0.0,1.0,0.0,0.0,50.0,22.0,Cluster 0,Cluster 1
2026-07-22 20:45:00.001000+00:00,53.0,20.1,49.9,20.5,21.2,20.2,0.0,0.0,0.0,0.0,0.0,0.0,0.0,0.0,0.0,0.0,0.0,0.0,0.0,0.0,0.0,0.0,0.0,0.0,0.0,1.0,0.0,0.0,50.0,22.0,Cluster 0,Cluster 1
2026-07-10 04:35:00.001000+00:00,53.0,16.6,52.8,19.3,19.6,19.5,0.0,0.0,0.0,0.0,0.0,0.0,0.0,0.0,0.0,0.0,0.0,0.0,0.0,0.0,0.0,0.0,0.0,0.0,0.0,1.0,0.0,0.0,50.0,22.0,Cluster 0,Cluster 0
2026-07-04 16:35:01.001000+00:00,52.5,19.9,48.8,20.5,21.2,20.0,0.0,0.0,0.0,0.0,0.0,0.0,0.0,0.0,0.0,0.0,0.0,0.0,0.0,0.0,0.0,0.0,0.0,0.0,0.0,1.0,0.0,0.0,50.0,22.0,Cluster 0,Cluster 1
2026-07-20 14:55:01.001000+00:00,49.1,19.4,48.9,20.1,20.9,20.8,0.0,0.0,0.0,0.0,0.0,0.0,0.0,0.0,0.0,0.0,0.0,0.0,0.0,0.0,0.0,0.0,0.0,0.0,0.0,1.0,0.0,0.0,50.0,22.0,Cluster 0,Cluster 1
2026-07-07 07:25:01.001000+00:00,52.0,17.7,50.5,19.4,20.2,19.7,0.0,0.0,0.0,0.0,0.0,0.0,0.0,0.0,0.0,0.0,0.0,0.0,0.0,0.0,0.0,0.0,0.0,0.0,0.0,1.0,0.0,0.0,50.0,22.0,Cluster 0,Cluster 0
2026-07-10 13:30:01.001000+00:00,53.0,18.7,49.9,19.5,20.5,19.5,0.0,0.0,0.0,0.0,0.0,0.0,0.0,0.0,0.0,0.0,0.0,0.0,0.0,0.0,0.0,0.0,0.0,0.0,0.0,1.0,0.0,0.0,50.0,22.0,Cluster 0,Cluster 0
2026-07-19 03:15:00.001000+00:00,51.9,20.4,48.9,20.6,21.1,20.1,0.0,0.0,0.0,0.0,0.0,0.0,0.0,0.0,0.0,0.0,0.0,0.0,0.0,0.0,0.0,0.0,0.0,0.0,0.0,1.0,0.0,0.0,50.0,22.0,Cluster 0,Cluster 1
2026-07-15 11:40:00.001000+00:00,48.7,19.4,46.7,20.6,21.2,20.5,0.0,0.0,0.0,0.0,0.0,0.0,0.0,0.0,0.0,0.0,0.0,0.0,0.0,0.0,0.0,0.0,0.0,0.0,0.0,1.0,0.0,0.0,50.0,22.0,Cluster 0,Cluster 1
2026-07-15 12:05:00.001000+00:00,48.4,19.5,45.9,20.7,21.2,20.3,0.0,0.0,0.0,0.0,0.0,0.0,0.0,0.0,0.0,0.0,0.0,0.0,0.0,0.0,0.0,0.0,0.0,0.0,0.0,1.0,0.0,0.0,50.0,22.0,Cluster 0,Cluster 1
2026-07-05 14:40:01.001000+00:00,53.1,19.1,50.0,19.9,20.7,19.7,0.0,0.0,0.0,0.0,0.0,0.0,0.0,0.0,0.0,0.0,0.0,0.0,0.0,0.0,0.0,0.0,0.0,0.0,0.0,1.0,0.0,0.0,50.0,22.0,Cluster 0,Cluster 0
2026-07-14 08:10:00.001000+00:00,47.8,18.3,47.3,20.2,20.7,20.5,0.0,0.0,0.0,0.0,0.0,0.0,0.0,0.0,0.0,0.0,0.0,0.0,0.0,0.0,0.0,0.0,0.0,0.0,0.0,1.0,0.0,0.0,50.0,22.0,Cluster 0,Cluster 1
2026-07-03 21:25:01.001000+00:00,53.0,20.4,49.9,20.7,21.2,20.2,0.0,0.0,0.0,0.0,0.0,0.0,0.0,0.0,0.0,0.0,0.0,0.0,0.0,0.0,0.0,0.0,0.0,0.0,0.0,1.0,0.0,0.0,50.0,22.0,Cluster 0,Cluster 1
2026-07-05 09:50:01.001000+00:00,51.7,18.4,49.3,19.7,20.4,19.6,0.0,0.0,0.0,0.0,0.0,0.0,0.0,0.0,0.0,0.0,0.0,0.0,0.0,0.0,0.0,0.0,0.0,0.0,0.0,1.0,0.0,0.0,50.0,22.0,Cluster 0,Cluster 0
2026-07-12 16:40:01.001000+00:00,50.2,19.0,47.8,20.5,21.1,20.3,0.0,0.0,0.0,0.0,0.0,0.0,0.0,0.0,0.0,0.0,0.0,0.0,0.0,0.0,0.0,0.0,0.0,0.0,0.0,1.0,0.0,0.0,50.0,22.0,Cluster 0,Cluster 1
2026-07-11 09:40:01.001000+00:00,51.5,18.1,49.4,19.4,20.3,19.6,0.0,0.0,0.0,0.0,0.0,0.0,0.0,0.0,0.0,0.0,0.0,0.0,0.0,0.0,0.0,0.0,0.0,0.0,0.0,1.0,0.0,0.0,50.0,22.0,Cluster 0,Cluster 0
2026-07-03 22:30:00.001000+00:00,53.0,20.5,49.9,20.7,21.3,20.2,0.0,0.0,0.0,0.0,0.0,0.0,0.0,0.0,0.0,0.0,0.0,0.0,0.0,0.0,0.0,0.0,0.0,0.0,0.0,1.0,0.0,0.0,50.0,22.0,Cluster 0,Cluster 1
2026-07-21 10:55:02.001000+00:00,51.6,18.6,50.4,19.9,20.5,20.1,0.0,0.0,0.0,0.0,0.0,0.0,0.0,0.0,0.0,0.0,0.0,0.0,0.0,0.0,0.0,0.0,0.0,0.0,0.0,1.0,0.0,0.0,50.0,22.0,Cluster 0,Cluster 0
2026-07-18 10:55:00.001000+00:00,51.2,18.8,49.7,20.0,20.7,20.2,0.0,0.0,0.0,0.0,0.0,0.0,0.0,0.0,0.0,0.0,0.0,0.0,0.0,0.0,0.0,0.0,0.0,0.0,0.0,1.0,0.0,0.0,50.0,22.0,Cluster 0,Cluster 0
2026-07-10 23:55:01.001000+00:00,53.4,19.6,50.0,19.8,20.7,19.6,0.0,0.0,0.0,0.0,0.0,0.0,0.0,0.0,0.0,0.0,0.0,0.0,0.0,0.0,0.0,0.0,0.0,0.0,0.0,1.0,0.0,0.0,50.0,22.0,Cluster 0,Cluster 0
2026-07-20 18:50:01.001000+00:00,50.3,20.0,47.7,20.4,21.2,20.3,0.0,0.0,0.0,0.0,0.0,0.0,0.0,0.0,0.0,0.0,0.0,0.0,0.0,0.0,0.0,0.0,0.0,0.0,0.0,1.0,0.0,0.0,50.0,22.0,Cluster 0,Cluster 1
2026-07-01 12:10:01.001000+00:00,50.6,19.3,47.9,20.4,21.0,20.1,0.0,0.0,0.0,0.0,0.0,0.0,0.0,0.0,0.0,0.0,0.0,0.0,0.0,0.0,0.0,0.0,0.0,0.0,0.0,1.0,0.0,0.0,50.0,22.0,Cluster 0,Cluster 1
2026-07-20 14:40:02.001000+00:00,49.3,19.4,48.8,20.1,20.9,20.7,0.0,0.0,0.0,0.0,0.0,0.0,0.0,0.0,0.0,0.0,0.0,0.0,0.0,0.0,0.0,0.0,0.0,0.0,0.0,1.0,0.0,0.0,50.0,22.0,Cluster 0,Cluster 1
2026-07-07 05:05:01.001000+00:00,53.1,16.9,52.8,19.4,19.8,19.7,0.0,0.0,0.0,0.0,0.0,0.0,0.0,0.0,0.0,0.0,0.0,0.0,0.0,0.0,0.0,0.0,0.0,0.0,0.0,1.0,0.0,0.0,50.0,22.0,Cluster 0,Cluster 0
2026-07-18 18:00:00.001000+00:00,52.5,19.9,49.7,20.4,21.1,20.2,0.0,0.0,0.0,0.0,0.0,0.0,0.0,0.0,0.0,0.0,0.0,0.0,0.0,0.0,0.0,0.0,0.0,0.0,0.0,1.0,0.0,0.0,50.0,22.0,Cluster 0,Cluster 1
2026-07-11 10:40:00.001000+00:00,51.3,18.4,48.9,19.4,20.4,19.6,0.0,0.0,0.0,0.0,0.0,0.0,0.0,0.0,0.0,0.0,0.0,0.0,0.0,0.0,0.0,0.0,0.0,0.0,0.0,1.0,0.0,0.0,50.0,22.0,Cluster 0,Cluster 0
2026-07-18 01:05:00.001000+00:00,52.5,21.1,49.2,21.3,21.6,20.5,0.0,0.0,0.0,0.0,0.0,0.0,0.0,0.0,0.0,0.0,0.0,0.0,0.0,0.0,0.0,0.0,0.0,0.0,0.0,1.0,0.0,0.0,50.0,22.0,Cluster 0,Cluster 1
2026-07-21 13:10:02.001000+00:00,52.7,19.0,50.8,20.0,20.7,20.1,0.0,0.0,0.0,0.0,0.0,0.0,0.0,0.0,0.0,0.0,0.0,0.0,0.0,0.0,0.0,0.0,0.0,0.0,0.0,1.0,0.0,0.0,50.0,22.0,Cluster 0,Cluster 0
2026-07-01 14:20:01.001000+00:00,52.0,19.7,48.7,20.4,21.1,20.0,0.0,0.0,0.0,0.0,0.0,0.0,0.0,0.0,0.0,0.0,0.0,0.0,0.0,0.0,0.0,0.0,0.0,0.0,0.0,1.0,0.0,0.0,50.0,22.0,Cluster 0,Cluster 1
2026-07-14 10:20:01.001000+00:00,49.6,19.1,47.6,20.4,21.1,20.4,0.0,0.0,0.0,0.0,0.0,0.0,0.0,0.0,0.0,0.0,0.0,0.0,0.0,0.0,0.0,0.0,0.0,0.0,0.0,1.0,0.0,0.0,50.0,22.0,Cluster 0,Cluster 1
2026-07-01 20:15:02.001000+00:00,52.9,20.3,49.8,20.7,21.2,20.2,0.0,0.0,0.0,0.0,0.0,0.0,0.0,0.0,0.0,0.0,0.0,0.0,0.0,0.0,0.0,0.0,0.0,0.0,0.0,1.0,0.0,0.0,50.0,22.0,Cluster 0,Cluster 1
2026-07-18 11:50:01.001000+00:00,51.8,19.0,49.7,20.1,20.8,20.1,0.0,0.0,0.0,0.0,0.0,0.0,0.0,0.0,0.0,0.0,0.0,0.0,0.0,0.0,0.0,0.0,0.0,0.0,0.0,1.0,0.0,0.0,50.0,22.0,Cluster 0,Cluster 0
2026-07-19 19:05:00.001000+00:00,53.9,19.9,50.8,20.3,21.0,20.0,0.0,0.0,0.0,0.0,0.0,0.0,0.0,0.0,0.0,0.0,0.0,0.0,0.0,0.0,0.0,0.0,0.0,0.0,0.0,1.0,0.0,0.0,50.0,22.0,Cluster 0,Cluster 0
2026-07-17 14:25:00.001000+00:00,50.4,20.1,46.9,20.8,21.5,20.3,0.0,0.0,0.0,0.0,0.0,0.0,0.0,0.0,0.0,0.0,0.0,0.0,0.0,0.0,0.0,0.0,0.0,0.0,0.0,1.0,0.0,0.0,50.0,22.0,Cluster 0,Cluster 1
2026-07-20 05:40:00.001000+00:00,50.8,17.0,51.5,19.6,19.8,20.0,0.0,0.0,0.0,0.0,0.0,0.0,0.0,0.0,0.0,0.0,0.0,0.0,0.0,0.0,0.0,0.0,0.0,0.0,0.0,1.0,0.0,0.0,50.0,22.0,Cluster 0,Cluster 0
2026-07-14 04:55:01.001000+00:00,48.7,16.8,49.7,20.0,20.0,20.4,0.0,0.0,0.0,0.0,0.0,0.0,0.0,0.0,0.0,0.0,0.0,0.0,0.0,0.0,0.0,0.0,0.0,0.0,0.0,1.0,0.0,0.0,50.0,22.0,Cluster 0,Cluster 0
2026-07-10 14:50:01.001000+00:00,53.1,18.9,50.0,19.6,20.5,19.5,0.0,0.0,0.0,0.0,0.0,0.0,0.0,0.0,0.0,0.0,0.0,0.0,0.0,0.0,0.0,0.0,0.0,0.0,0.0,1.0,0.0,0.0,50.0,22.0,Cluster 0,Cluster 0
2026-07-05 13:25:01.001000+00:00,53.2,18.9,50.4,19.8,20.6,19.7,0.0,0.0,0.0,0.0,0.0,0.0,0.0,0.0,0.0,0.0,0.0,0.0,0.0,0.0,0.0,0.0,0.0,0.0,0.0,1.0,0.0,0.0,50.0,22.0,Cluster 0,Cluster 0
2026-07-16 02:00:01.001000+00:00,49.0,21.1,45.9,21.3,21.6,20.6,0.0,0.0,0.0,0.0,0.0,0.0,0.0,0.0,0.0,0.0,0.0,0.0,0.0,0.0,0.0,0.0,0.0,0.0,0.0,1.0,0.0,0.0,50.0,22.0,Cluster 0,Cluster 1
2026-07-17 10:25:00.001000+00:00,49.4,19.1,47.7,20.5,21.1,20.5,0.0,0.0,0.0,0.0,0.0,0.0,0.0,0.0,0.0,0.0,0.0,0.0,0.0,0.0,0.0,0.0,0.0,0.0,0.0,1.0,0.0,0.0,50.0,22.0,Cluster 0,Cluster 1
2026-07-15 06:05:00.001000+00:00,48.5,17.5,48.9,20.2,20.3,20.4,0.0,0.0,0.0,0.0,0.0,0.0,0.0,0.0,0.0,0.0,0.0,0.0,0.0,0.0,0.0,0.0,0.0,0.0,0.0,1.0,0.0,0.0,50.0,22.0,Cluster 0,Cluster 0
2026-07-12 15:20:01.001000+00:00,50.2,18.6,47.9,20.5,21.0,20.2,0.0,0.0,0.0,0.0,0.0,0.0,0.0,0.0,0.0,0.0,0.0,0.0,0.0,0.0,0.0,0.0,0.0,0.0,0.0,1.0,0.0,0.0,50.0,22.0,Cluster 0,Cluster 1
2026-07-11 06:10:01.001000+00:00,53.1,17.1,52.5,19.2,19.8,19.6,0.0,0.0,0.0,0.0,0.0,0.0,0.0,0.0,0.0,0.0,0.0,0.0,0.0,0.0,0.0,0.0,0.0,0.0,0.0,1.0,0.0,0.0,50.0,22.0,Cluster 0,Cluster 0
2026-07-06 00:45:01.001000+00:00,52.7,19.9,49.0,20.0,20.9,19.7,0.0,0.0,0.0,0.0,0.0,0.0,0.0,0.0,0.0,0.0,0.0,0.0,0.0,0.0,0.0,0.0,0.0,0.0,0.0,1.0,0.0,0.0,50.0,22.0,Cluster 0,Cluster 0
2026-07-07 13:55:01.001000+00:00,53.1,19.0,50.0,19.7,20.7,19.7,0.0,0.0,0.0,0.0,0.0,0.0,0.0,0.0,0.0,0.0,0.0,0.0,0.0,0.0,0.0,0.0,0.0,0.0,0.0,1.0,0.0,0.0,50.0,22.0,Cluster 0,Cluster 0
2026-07-17 18:00:00.001000+00:00,51.3,20.6,47.7,21.0,21.6,20.4,0.0,0.0,0.0,0.0,0.0,0.0,0.0,0.0,0.0,0.0,0.0,0.0,0.0,0.0,0.0,0.0,0.0,0.0,0.0,1.0,0.0,0.0,50.0,22.0,Cluster 0,Cluster 1
2026-07-05 02:20:01.001000+00:00,52.9,20.6,48.0,20.7,21.3,19.7,0.0,0.0,0.0,0.0,0.0,0.0,0.0,0.0,0.0,0.0,0.0,0.0,0.0,0.0,0.0,0.0,0.0,0.0,0.0,1.0,0.0,0.0,50.0,22.0,Cluster 0,Cluster 1
2026-07-12 08:00:00.001000+00:00,51.0,16.1,48.1,20.4,20.7,19.7,0.0,9.2,34.0,10.5,10.0,1.0,1.0,1.0,1.0,0.0,0.0,0.0,0.0,0.0,0.0,0.0,0.0,0.0,0.0,1.0,0.0,40.0,50.0,22.0,Cluster 1,Cluster 0
2026-07-13 02:30:01.001000+00:00,49.7,20.7,46.8,21.0,21.5,20.5,0.0,0.0,0.0,0.0,0.0,0.0,0.0,0.0,0.0,0.0,0.0,0.0,0.0,0.0,0.0,0.0,0.0,0.0,0.0,1.0,0.0,0.0,50.0,22.0,Cluster 0,Cluster 1
2026-07-14 15:20:01.001000+00:00,50.6,20.2,46.8,20.9,21.5,20.2,0.0,0.0,0.0,0.0,0.0,0.0,0.0,0.0,0.0,0.0,0.0,0.0,0.0,0.0,0.0,0.0,0.0,0.0,0.0,1.0,0.0,0.0,50.0,22.0,Cluster 0,Cluster 1
2026-07-08 01:35:00.001000+00:00,53.7,19.8,49.9,20.0,20.8,19.6,0.0,0.0,0.0,0.0,0.0,0.0,0.0,0.0,0.0,0.0,0.0,0.0,0.0,0.0,0.0,0.0,0.0,0.0,0.0,1.0,0.0,0.0,50.0,22.0,Cluster 0,Cluster 0
2026-07-22 09:55:00.001000+00:00,52.3,18.5,50.7,19.9,20.6,20.1,0.0,0.0,0.0,0.0,0.0,0.0,0.0,0.0,0.0,0.0,0.0,0.0,0.0,0.0,0.0,0.0,0.0,0.0,0.0,1.0,0.0,0.0,50.0,22.0,Cluster 0,Cluster 0
2026-07-21 01:00:02.001000+00:00,51.9,20.5,48.3,20.7,21.3,20.1,0.0,0.0,0.0,0.0,0.0,0.0,0.0,0.0,0.0,0.0,0.0,0.0,0.0,0.0,0.0,0.0,0.0,0.0,0.0,1.0,0.0,0.0,50.0,22.0,Cluster 0,Cluster 1
2026-07-14 03:45:02.001000+00:00,47.9,16.1,46.7,20.2,21.0,20.5,0.0,0.0,0.0,0.0,0.0,0.0,0.0,0.0,0.0,0.0,0.0,0.0,0.0,0.0,0.0,0.0,0.0,0.0,0.0,1.0,0.0,0.0,50.0,22.0,Cluster 0,Cluster 1
2026-07-14 17:55:01.001000+00:00,50.9,20.5,46.7,21.0,21.6,20.2,0.0,0.0,0.0,0.0,0.0,0.0,0.0,0.0,0.0,0.0,0.0,0.0,0.0,0.0,0.0,0.0,0.0,0.0,0.0,1.0,0.0,0.0,50.0,22.0,Cluster 0,Cluster 1
2026-07-09 10:15:01.001000+00:00,51.9,18.2,49.4,19.4,20.4,19.6,0.0,0.0,0.0,0.0,0.0,0.0,0.0,0.0,0.0,0.0,0.0,0.0,0.0,0.0,0.0,0.0,0.0,0.0,0.0,1.0,0.0,0.0,50.0,22.0,Cluster 0,Cluster 0
2026-07-22 13:10:00.001000+00:00,52.5,19.2,50.7,20.1,20.8,20.2,0.0,0.0,0.0,0.0,0.0,0.0,0.0,0.0,0.0,0.0,0.0,0.0,0.0,0.0,0.0,0.0,0.0,0.0,0.0,1.0,0.0,0.0,50.0,22.0,Cluster 0,Cluster 0
2026-07-12 11:35:02.001000+00:00,48.8,17.2,48.9,20.3,20.5,20.5,0.0,0.0,0.0,0.0,0.0,0.0,0.0,0.0,0.0,0.0,0.0,0.0,0.0,0.0,0.0,0.0,0.0,0.0,0.0,1.0,0.0,0.0,50.0,22.0,Cluster 0,Cluster 1
2026-07-18 21:30:02.001000+00:00,55.9,20.2,52.3,20.5,21.1,20.0,0.0,0.0,0.0,0.0,0.0,0.0,0.0,0.0,0.0,0.0,0.0,0.0,0.0,0.0,0.0,0.0,0.0,0.0,0.0,1.0,0.0,0.0,50.0,22.0,Cluster 0,Cluster 0
2026-07-12 01:00:00.001000+00:00,52.8,19.7,49.4,19.9,20.8,19.7,0.0,3.6,13.0,0.1,10.0,0.0,0.0,0.0,0.0,0.0,0.0,0.0,0.0,0.0,0.0,0.0,0.0,0.0,0.0,1.0,0.0,40.0,50.0,22.0,Cluster 0,Cluster 0
2026-07-10 13:25:01.001000+00:00,53.0,18.8,49.9,19.6,20.5,19.5,0.0,0.0,0.0,0.0,0.0,0.0,0.0,0.0,0.0,0.0,0.0,0.0,0.0,0.0,0.0,0.0,0.0,0.0,0.0,1.0,0.0,0.0,50.0,22.0,Cluster 0,Cluster 0
2026-07-18 04:40:00.001000+00:00,51.6,16.7,52.4,19.8,19.9,20.1,0.0,0.0,0.0,0.0,0.0,0.0,0.0,0.0,0.0,0.0,0.0,0.0,0.0,0.0,0.0,0.0,0.0,0.0,0.0,1.0,0.0,0.0,50.0,22.0,Cluster 0,Cluster 0
2026-07-15 14:25:00.001000+00:00,50.4,20.0,47.2,20.8,21.4,20.3,0.0,0.0,0.0,0.0,0.0,0.0,0.0,0.0,0.0,0.0,0.0,0.0,0.0,0.0,0.0,0.0,0.0,0.0,0.0,1.0,0.0,0.0,50.0,22.0,Cluster 0,Cluster 1
2026-07-12 16:20:01.001000+00:00,50.5,18.9,47.9,20.5,21.1,20.2,0.0,0.0,0.0,0.0,0.0,0.0,0.0,0.0,0.0,0.0,0.0,0.0,0.0,0.0,0.0,0.0,0.0,0.0,0.0,1.0,0.0,0.0,50.0,22.0,Cluster 0,Cluster 1
2026-07-08 09:20:02.001000+00:00,51.2,18.2,49.4,19.5,20.4,19.8,0.0,0.0,0.0,0.0,0.0,0.0,0.0,0.0,0.0,0.0,0.0,0.0,0.0,0.0,0.0,0.0,0.0,0.0,0.0,1.0,0.0,0.0,50.0,22.0,Cluster 0,Cluster 0
2026-07-07 12:10:01.001000+00:00,52.1,18.7,49.0,19.7,20.6,19.6,0.0,0.0,0.0,0.0,0.0,0.0,0.0,0.0,0.0,0.0,0.0,0.0,0.0,0.0,0.0,0.0,0.0,0.0,0.0,1.0,0.0,0.0,50.0,22.0,Cluster 0,Cluster 0
2026-07-22 15:35:00.001000+00:00,52.0,19.5,49.9,20.2,21.0,20.3,0.0,0.0,0.0,0.0,0.0,0.0,0.0,0.0,0.0,0.0,0.0,0.0,0.0,0.0,0.0,0.0,0.0,0.0,0.0,1.0,0.0,0.0,50.0,22.0,Cluster 0,Cluster 1
2026-07-22 04:45:00.001000+00:00,52.2,16.7,52.9,19.8,19.9,20.1,0.0,0.0,0.0,0.0,0.0,0.0,0.0,0.0,0.0,0.0,0.0,0.0,0.0,0.0,0.0,0.0,0.0,0.0,0.0,1.0,0.0,0.0,50.0,22.0,Cluster 0,Cluster 0
2026-07-04 12:50:00.001000+00:00,52.0,19.4,48.7,20.3,21.0,19.9,0.0,0.0,0.0,0.0,0.0,0.0,0.0,0.0,0.0,0.0,0.0,0.0,0.0,0.0,0.0,0.0,0.0,0.0,0.0,1.0,0.0,0.0,50.0,22.0,Cluster 0,Cluster 1
2026-07-14 04:50:01.001000+00:00,48.0,16.8,49.6,20.0,20.0,20.5,0.0,0.0,0.0,0.0,0.0,0.0,0.0,0.0,0.0,0.0,0.0,0.0,0.0,0.0,0.0,0.0,0.0,0.0,0.0,1.0,0.0,0.0,50.0,22.0,Cluster 0,Cluster 0
2026-07-07 05:55:01.001000+00:00,53.1,17.2,52.6,19.4,19.9,19.7,0.0,0.0,0.0,0.0,0.0,0.0,0.0,0.0,0.0,0.0,0.0,0.0,0.0,0.0,0.0,0.0,0.0,0.0,0.0,1.0,0.0,0.0,50.0,22.0,Cluster 0,Cluster 0
2026-07-12 02:10:00.001000+00:00,52.7,16.1,49.6,20.2,20.6,19.6,0.0,10.0,37.0,10.5,10.0,1.0,1.0,1.0,1.0,0.0,0.0,0.0,0.0,0.0,0.0,0.0,0.0,0.0,0.0,1.0,0.0,40.0,50.0,22.0,Cluster 1,Cluster 0
2026-07-15 04:35:00.001000+00:00,47.8,16.6,48.8,20.2,20.1,20.4,0.0,0.0,0.0,0.0,0.0,0.0,0.0,0.0,0.0,0.0,0.0,0.0,0.0,0.0,0.0,0.0,0.0,0.0,0.0,1.0,0.0,0.0,50.0,22.0,Cluster 0,Cluster 0
2026-07-05 08:25:00.001000+00:00,52.9,18.0,51.0,19.7,20.3,19.7,0.0,0.0,0.0,0.0,0.0,0.0,0.0,0.0,0.0,0.0,0.0,0.0,0.0,0.0,0.0,0.0,0.0,0.0,0.0,1.0,0.0,0.0,50.0,22.0,Cluster 0,Cluster 0
2026-07-12 21:00:00.001000+00:00,52.2,20.0,49.2,20.8,21.4,20.4,0.0,0.0,0.0,0.0,0.0,0.0,0.0,0.0,0.0,0.0,0.0,0.0,0.0,0.0,0.0,0.0,0.0,0.0,0.0,1.0,0.0,0.0,50.0,22.0,Cluster 0,Cluster 1
2026-07-08 04:30:00.001000+00:00,52.7,16.6,52.8,19.4,19.7,19.7,0.0,0.0,0.0,0.0,0.0,0.0,0.0,0.0,0.0,0.0,0.0,0.0,0.0,0.0,0.0,0.0,0.0,0.0,0.0,1.0,0.0,0.0,50.0,22.0,Cluster 0,Cluster 0
2026-07-03 07:45:01.001000+00:00,49.6,18.1,49.4,19.8,20.4,20.3,0.0,0.0,0.0,0.0,0.0,0.0,0.0,0.0,0.0,0.0,0.0,0.0,0.0,0.0,0.0,0.0,0.0,0.0,0.0,1.0,0.0,0.0,50.0,22.0,Cluster 0,Cluster 0
2026-07-03 19:35:00.001000+00:00,52.5,20.3,49.4,20.6,21.2,20.2,0.0,0.0,0.0,0.0,0.0,0.0,0.0,0.0,0.0,0.0,0.0,0.0,0.0,0.0,0.0,0.0,0.0,0.0,0.0,1.0,0.0,0.0,50.0,22.0,Cluster 0,Cluster 1
2026-07-13 13:15:01.001000+00:00,49.8,19.7,46.9,20.6,21.3,20.3,0.0,0.0,0.0,0.0,0.0,0.0,0.0,0.0,0.0,0.0,0.0,0.0,0.0,0.0,0.0,0.0,0.0,0.0,0.0,1.0,0.0,0.0,50.0,22.0,Cluster 0,Cluster 1
2026-07-09 14:20:00.001000+00:00,53.1,18.9,50.0,19.6,20.6,19.6,0.0,0.0,0.0,0.0,0.0,0.0,0.0,0.0,0.0,0.0,0.0,0.0,0.0,0.0,0.0,0.0,0.0,0.0,0.0,1.0,0.0,0.0,50.0,22.0,Cluster 0,Cluster 0
2026-07-05 12:10:00.001000+00:00,51.6,18.8,49.0,19.8,20.6,19.7,0.0,0.0,0.0,0.0,0.0,0.0,0.0,0.0,0.0,0.0,0.0,0.0,0.0,0.0,0.0,0.0,0.0,0.0,0.0,1.0,0.0,0.0,50.0,22.0,Cluster 0,Cluster 0
2026-07-05 13:20:01.001000+00:00,53.2,19.0,50.1,19.8,20.6,19.6,0.0,0.0,0.0,0.0,0.0,0.0,0.0,0.0,0.0,0.0,0.0,0.0,0.0,0.0,0.0,0.0,0.0,0.0,0.0,1.0,0.0,0.0,50.0,22.0,Cluster 0,Cluster 0
2026-07-05 18:20:01.001000+00:00,53.4,19.5,49.9,19.9,20.8,19.7,0.0,0.0,0.0,0.0,0.0,0.0,0.0,0.0,0.0,0.0,0.0,0.0,0.0,0.0,0.0,0.0,0.0,0.0,0.0,1.0,0.0,0.0,50.0,22.0,Cluster 0,Cluster 0
2026-07-13 02:35:01.001000+00:00,49.6,20.7,46.7,21.0,21.5,20.5,0.0,0.0,0.0,0.0,0.0,0.0,0.0,0.0,0.0,0.0,0.0,0.0,0.0,0.0,0.0,0.0,0.0,0.0,0.0,1.0,0.0,0.0,50.0,22.0,Cluster 0,Cluster 1
2026-07-01 10:30:01.001000+00:00,49.1,19.0,48.0,20.2,20.8,20.3,0.0,0.0,0.0,0.0,0.0,0.0,0.0,0.0,0.0,0.0,0.0,0.0,0.0,0.0,0.0,0.0,0.0,0.0,0.0,1.0,0.0,0.0,50.0,22.0,Cluster 0,Cluster 1
2026-07-20 06:25:00.001000+00:00,51.1,17.3,51.5,19.6,19.9,20.0,0.0,0.0,0.0,0.0,0.0,0.0,0.0,0.0,0.0,0.0,0.0,0.0,0.0,0.0,0.0,0.0,0.0,0.0,0.0,1.0,0.0,0.0,50.0,22.0,Cluster 0,Cluster 0
2026-07-22 14:25:00.001000+00:00,52.1,19.4,50.3,20.1,20.9,20.3,0.0,0.0,0.0,0.0,0.0,0.0,0.0,0.0,0.0,0.0,0.0,0.0,0.0,0.0,0.0,0.0,0.0,0.0,0.0,1.0,0.0,0.0,50.0,22.0,Cluster 0,Cluster 1
2026-07-16 12:10:00.001000+00:00,48.9,19.5,46.6,20.6,21.2,20.4,1.0,0.0,0.0,0.0,0.0,0.0,0.0,0.0,0.0,0.0,0.0,0.0,0.0,0.0,0.0,0.0,0.0,0.0,0.0,1.0,0.0,0.0,50.0,22.0,Cluster 0,Cluster 1
2026-07-11 04:15:01.001000+00:00,52.2,16.4,52.0,19.3,19.7,19.6,0.0,0.0,0.0,0.0,0.0,0.0,0.0,0.0,0.0,0.0,0.0,0.0,0.0,0.0,0.0,0.0,0.0,0.0,0.0,1.0,0.0,0.0,50.0,22.0,Cluster 0,Cluster 0
2026-07-01 09:45:01.001000+00:00,50.2,18.8,49.0,20.2,20.8,20.4,0.0,0.0,0.0,0.0,0.0,0.0,0.0,0.0,0.0,0.0,0.0,0.0,0.0,0.0,0.0,0.0,0.0,0.0,0.0,1.0,0.0,0.0,50.0,22.0,Cluster 0,Cluster 1
2026-07-14 08:30:00.001000+00:00,48.8,18.4,47.7,20.3,20.8,20.4,0.0,0.0,0.0,0.0,0.0,0.0,0.0,0.0,0.0,0.0,0.0,0.0,0.0,0.0,0.0,0.0,0.0,0.0,0.0,1.0,0.0,0.0,50.0,22.0,Cluster 0,Cluster 1
2026-07-04 09:25:00.001000+00:00,50.1,18.6,49.0,20.1,20.7,20.3,0.0,0.0,0.0,0.0,0.0,0.0,0.0,0.0,0.0,0.0,0.0,0.0,0.0,0.0,0.0,0.0,0.0,0.0,0.0,1.0,0.0,0.0,50.0,22.0,Cluster 0,Cluster 1
2026-07-15 12:25:00.001000+00:00,49.2,19.6,46.6,20.7,21.2,20.3,0.0,0.0,0.0,0.0,0.0,0.0,0.0,0.0,0.0,0.0,0.0,0.0,0.0,0.0,0.0,0.0,0.0,0.0,0.0,1.0,0.0,0.0,50.0,22.0,Cluster 0,Cluster 1
2026-07-07 12:20:01.001000+00:00,52.1,18.7,49.0,19.7,20.6,19.6,0.0,0.0,0.0,0.0,0.0,0.0,0.0,0.0,0.0,0.0,0.0,0.0,0.0,0.0,0.0,0.0,0.0,0.0,0.0,1.0,0.0,0.0,50.0,22.0,Cluster 0,Cluster 0
2026-07-08 12:35:01.001000+00:00,51.1,18.8,49.0,19.7,20.6,19.9,0.0,0.0,0.0,0.0,0.0,0.0,0.0,0.0,0.0,0.0,0.0,0.0,0.0,0.0,0.0,0.0,0.0,0.0,0.0,1.0,0.0,0.0,50.0,22.0,Cluster 0,Cluster 0
2026-07-20 15:35:01.001000+00:00,49.0,19.5,48.8,20.2,21.0,20.9,0.0,0.0,0.0,0.0,0.0,0.0,0.0,0.0,0.0,0.0,0.0,0.0,0.0,0.0,0.0,0.0,0.0,0.0,0.0,1.0,0.0,0.0,50.0,22.0,Cluster 0,Cluster 1
2026-07-06 12:25:01.001000+00:00,51.8,18.8,49.0,19.7,20.6,19.7,0.0,0.0,0.0,0.0,0.0,0.0,0.0,0.0,0.0,0.0,0.0,0.0,0.0,0.0,0.0,0.0,0.0,0.0,0.0,1.0,0.0,0.0,50.0,22.0,Cluster 0,Cluster 0
2026-07-21 07:00:01.001000+00:00,51.2,17.5,51.0,19.7,20.0,19.9,0.0,0.0,0.0,0.0,0.0,0.0,0.0,0.0,0.0,0.0,0.0,0.0,0.0,0.0,0.0,0.0,0.0,0.0,0.0,1.0,0.0,0.0,50.0,22.0,Cluster 0,Cluster 0
2026-07-01 23:50:01.001000+00:00,53.4,20.5,50.0,20.8,21.3,20.2,0.0,0.0,0.0,0.0,0.0,0.0,0.0,0.0,0.0,0.0,0.0,0.0,0.0,0.0,0.0,0.0,0.0,0.0,0.0,1.0,0.0,0.0,50.0,22.0,Cluster 0,Cluster 1
2026-07-03 20:35:00.001000+00:00,53.0,20.3,49.9,20.6,21.2,20.2,0.0,0.0,0.0,0.0,0.0,0.0,0.0,0.0,0.0,0.0,0.0,0.0,0.0,0.0,0.0,0.0,0.0,0.0,0.0,1.0,0.0,0.0,50.0,22.0,Cluster 0,Cluster 1
2026-07-22 18:30:00.001000+00:00,52.3,19.9,49.6,20.4,21.1,20.2,0.0,0.0,0.0,0.0,0.0,0.0,0.0,0.0,0.0,0.0,0.0,0.0,0.0,0.0,0.0,0.0,0.0,0.0,0.0,1.0,0.0,0.0,50.0,22.0,Cluster 0,Cluster 1
2026-07-20 02:15:00.001000+00:00,52.5,20.3,48.8,20.5,21.1,19.9,0.0,0.0,0.0,0.0,0.0,0.0,0.0,0.0,0.0,0.0,0.0,0.0,0.0,0.0,0.0,0.0,0.0,0.0,0.0,1.0,0.0,0.0,50.0,22.0,Cluster 0,Cluster 1
2026-07-09 07:35:01.001000+00:00,51.7,17.6,50.4,19.2,20.0,19.6,0.0,0.0,0.0,0.0,0.0,0.0,0.0,0.0,0.0,0.0,0.0,0.0,0.0,0.0,0.0,0.0,0.0,0.0,0.0,1.0,0.0,0.0,50.0,22.0,Cluster 0,Cluster 0
2026-07-11 07:55:01.001000+00:00,51.9,17.7,50.4,19.3,20.1,19.6,0.0,0.0,0.0,0.0,0.0,0.0,0.0,0.0,0.0,0.0,0.0,0.0,0.0,0.0,0.0,0.0,0.0,0.0,0.0,1.0,0.0,0.0,50.0,22.0,Cluster 0,Cluster 0
2026-07-17 20:30:00.001000+00:00,54.2,20.8,50.7,21.2,21.6,20.5,0.0,0.0,0.0,0.0,0.0,0.0,0.0,0.0,0.0,0.0,0.0,0.0,0.0,0.0,0.0,0.0,0.0,0.0,0.0,1.0,0.0,0.0,50.0,22.0,Cluster 0,Cluster 1
2026-07-22 01:35:00.001000+00:00,53.2,20.4,49.8,20.6,21.2,20.1,0.0,0.0,0.0,0.0,0.0,0.0,0.0,0.0,0.0,0.0,0.0,0.0,0.0,0.0,0.0,0.0,0.0,0.0,0.0,1.0,0.0,0.0,50.0,22.0,Cluster 0,Cluster 1
2026-07-05 23:00:01.001000+00:00,53.8,19.7,50.4,20.0,20.8,19.7,0.0,0.0,0.0,0.0,0.0,0.0,0.0,0.0,0.0,0.0,0.0,0.0,0.0,0.0,0.0,0.0,0.0,0.0,0.0,1.0,0.0,0.0,50.0,22.0,Cluster 0,Cluster 0
2026-07-17 15:45:00.001000+00:00,51.6,20.3,47.7,21.0,21.6,20.3,0.0,0.0,0.0,0.0,0.0,0.0,0.0,0.0,0.0,0.0,0.0,0.0,0.0,0.0,0.0,0.0,0.0,0.0,0.0,1.0,0.0,0.0,50.0,22.0,Cluster 0,Cluster 1
2026-07-19 13:55:00.001000+00:00,53.9,19.2,50.9,20.0,20.8,19.9,0.0,0.0,0.0,0.0,0.0,0.0,0.0,0.0,0.0,0.0,0.0,0.0,0.0,0.0,0.0,0.0,0.0,0.0,0.0,1.0,0.0,0.0,50.0,22.0,Cluster 0,Cluster 0
2026-07-18 10:05:00.001000+00:00,50.2,18.6,49.0,19.9,20.6,20.2,0.0,0.0,0.0,0.0,0.0,0.0,0.0,0.0,0.0,0.0,0.0,0.0,0.0,0.0,0.0,0.0,0.0,0.0,0.0,1.0,0.0,0.0,50.0,22.0,Cluster 0,Cluster 0
2026-07-06 16:00:01.001000+00:00,53.1,19.2,50.0,19.8,20.7,19.7,0.0,0.0,0.0,0.0,0.0,0.0,0.0,0.0,0.0,0.0,0.0,0.0,0.0,0.0,0.0,0.0,0.0,0.0,0.0,1.0,0.0,0.0,50.0,22.0,Cluster 0,Cluster 0
2026-07-03 12:25:00.001000+00:00,51.7,19.4,48.7,20.2,21.0,20.0,0.0,0.0,0.0,0.0,0.0,0.0,0.0,0.0,0.0,0.0,0.0,0.0,0.0,0.0,0.0,0.0,0.0,0.0,0.0,1.0,0.0,0.0,50.0,22.0,Cluster 0,Cluster 1
2026-07-20 05:55:00.001000+00:00,50.9,17.1,51.6,19.6,19.8,20.0,0.0,0.0,0.0,0.0,0.0,0.0,0.0,0.0,0.0,0.0,0.0,0.0,0.0,0.0,0.0,0.0,0.0,0.0,0.0,1.0,0.0,0.0,50.0,22.0,Cluster 0,Cluster 0
2026-07-08 02:35:01.001000+00:00,53.3,19.9,50.0,20.0,20.8,19.7,0.0,0.0,0.0,0.0,0.0,0.0,0.0,0.0,0.0,0.0,0.0,0.0,0.0,0.0,0.0,0.0,0.0,0.0,0.0,1.0,0.0,0.0,50.0,22.0,Cluster 0,Cluster 0
2026-07-09 07:50:01.001000+00:00,52.0,17.6,50.5,19.2,20.1,19.6,0.0,0.0,0.0,0.0,0.0,0.0,0.0,0.0,0.0,0.0,0.0,0.0,0.0,0.0,0.0,0.0,0.0,0.0,0.0,1.0,0.0,0.0,50.0,22.0,Cluster 0,Cluster 0
2026-07-15 16:25:00.001000+00:00,50.7,20.3,46.9,20.9,21.5,20.2,0.0,0.0,0.0,0.0,0.0,0.0,0.0,0.0,0.0,0.0,0.0,0.0,0.0,0.0,0.0,0.0,0.0,0.0,0.0,1.0,0.0,0.0,50.0,22.0,Cluster 0,Cluster 1
2026-07-14 10:40:01.001000+00:00,49.0,19.2,47.6,20.5,21.1,20.6,0.0,0.0,0.0,0.0,0.0,0.0,0.0,0.0,0.0,0.0,0.0,0.0,0.0,0.0,0.0,0.0,0.0,0.0,0.0,1.0,0.0,0.0,50.0,22.0,Cluster 0,Cluster 1
2026-07-03 23:00:00.001000+00:00,53.4,20.5,50.0,20.7,21.2,20.2,0.0,0.0,0.0,0.0,0.0,0.0,0.0,0.0,0.0,0.0,0.0,0.0,0.0,0.0,0.0,0.0,0.0,0.0,0.0,1.0,0.0,0.0,50.0,22.0,Cluster 0,Cluster 1
2026-07-17 11:05:00.001000+00:00,48.6,19.3,46.6,20.5,21.2,20.5,0.0,0.0,0.0,0.0,0.0,0.0,0.0,0.0,0.0,0.0,0.0,0.0,0.0,0.0,0.0,0.0,0.0,0.0,0.0,1.0,0.0,0.0,50.0,22.0,Cluster 0,Cluster 1
2026-07-21 06:35:00.001000+00:00,52.1,17.4,51.5,19.7,19.9,19.8,0.0,0.0,0.0,0.0,0.0,0.0,0.0,0.0,0.0,0.0,0.0,0.0,0.0,0.0,0.0,0.0,0.0,0.0,0.0,1.0,0.0,0.0,50.0,22.0,Cluster 0,Cluster 0
2026-07-03 16:50:02.001000+00:00,52.4,20.0,48.7,20.5,21.2,20.0,0.0,0.0,0.0,0.0,0.0,0.0,0.0,0.0,0.0,0.0,0.0,0.0,0.0,0.0,0.0,0.0,0.0,0.0,0.0,1.0,0.0,0.0,50.0,22.0,Cluster 0,Cluster 1
2026-07-18 17:10:02.001000+00:00,52.5,19.8,49.7,20.3,21.1,20.2,0.0,0.0,0.0,0.0,0.0,0.0,0.0,0.0,0.0,0.0,0.0,0.0,0.0,0.0,0.0,0.0,0.0,0.0,0.0,1.0,0.0,0.0,50.0,22.0,Cluster 0,Cluster 1
2026-07-16 14:00:01.001000+00:00,50.4,19.9,46.9,20.7,21.4,20.2,0.0,0.0,0.0,0.0,0.0,0.0,0.0,0.0,0.0,0.0,0.0,0.0,0.0,0.0,0.0,0.0,0.0,0.0,0.0,1.0,0.0,0.0,50.0,22.0,Cluster 0,Cluster 1
2026-07-13 12:25:01.001000+00:00,48.1,19.6,46.2,20.6,21.2,20.5,0.0,0.0,0.0,0.0,0.0,0.0,0.0,0.0,0.0,0.0,0.0,0.0,0.0,0.0,0.0,0.0,0.0,0.0,0.0,1.0,0.0,0.0,50.0,22.0,Cluster 0,Cluster 1
2026-07-07 05:10:00.001000+00:00,52.9,16.9,52.7,19.4,19.8,19.7,0.0,0.0,0.0,0.0,0.0,0.0,0.0,0.0,0.0,0.0,0.0,0.0,0.0,0.0,0.0,0.0,0.0,0.0,0.0,1.0,0.0,0.0,50.0,22.0,Cluster 0,Cluster 0
2026-07-06 04:50:00.001000+00:00,53.1,16.8,52.8,19.4,19.8,19.7,0.0,0.0,0.0,0.0,0.0,0.0,0.0,0.0,0.0,0.0,0.0,0.0,0.0,0.0,0.0,0.0,0.0,0.0,0.0,1.0,0.0,0.0,50.0,22.0,Cluster 0,Cluster 0
2026-07-20 18:40:01.001000+00:00,50.0,20.0,47.7,20.4,21.2,20.4,0.0,0.0,0.0,0.0,0.0,0.0,0.0,0.0,0.0,0.0,0.0,0.0,0.0,0.0,0.0,0.0,0.0,0.0,0.0,1.0,0.0,0.0,50.0,22.0,Cluster 0,Cluster 1
2026-07-05 16:15:01.001000+00:00,53.1,19.3,50.1,19.9,20.7,19.7,0.0,0.0,0.0,0.0,0.0,0.0,0.0,0.0,0.0,0.0,0.0,0.0,0.0,0.0,0.0,0.0,0.0,0.0,0.0,1.0,0.0,0.0,50.0,22.0,Cluster 0,Cluster 0
2026-07-05 11:55:01.001000+00:00,51.3,18.7,48.9,19.8,20.5,19.7,0.0,0.0,0.0,0.0,0.0,0.0,0.0,0.0,0.0,0.0,0.0,0.0,0.0,0.0,0.0,0.0,0.0,0.0,0.0,1.0,0.0,0.0,50.0,22.0,Cluster 0,Cluster 0
2026-07-09 14:45:01.001000+00:00,53.5,19.0,50.0,19.6,20.6,19.5,0.0,0.0,0.0,0.0,0.0,0.0,0.0,0.0,0.0,0.0,0.0,0.0,0.0,0.0,0.0,0.0,0.0,0.0,0.0,1.0,0.0,0.0,50.0,22.0,Cluster 0,Cluster 0
2026-07-03 09:35:01.001000+00:00,49.8,18.7,49.0,20.0,20.7,20.4,0.0,0.0,0.0,0.0,0.0,0.0,0.0,0.0,0.0,0.0,0.0,0.0,0.0,0.0,0.0,0.0,0.0,0.0,0.0,1.0,0.0,0.0,50.0,22.0,Cluster 0,Cluster 1
2026-07-11 16:25:01.001000+00:00,53.2,19.1,49.8,19.7,20.6,19.5,0.0,0.0,0.0,0.0,0.0,0.0,0.0,0.0,0.0,0.0,0.0,0.0,0.0,0.0,0.0,0.0,0.0,0.0,0.0,1.0,0.0,0.0,50.0,22.0,Cluster 0,Cluster 0
2026-07-04 20:45:00.001000+00:00,53.3,20.4,49.9,20.7,21.3,20.2,0.0,0.0,0.0,0.0,0.0,0.0,0.0,0.0,0.0,0.0,0.0,0.0,0.0,0.0,0.0,0.0,0.0,0.0,0.0,1.0,0.0,0.0,50.0,22.0,Cluster 0,Cluster 1
2026-07-12 20:00:00.001000+00:00,51.2,19.8,48.8,20.8,21.3,20.5,0.0,0.0,0.0,0.0,0.0,0.0,0.0,0.0,0.0,0.0,0.0,0.0,0.0,0.0,0.0,0.0,0.0,0.0,0.0,1.0,0.0,0.0,50.0,22.0,Cluster 0,Cluster 1
2026-07-08 08:20:01.001000+00:00,51.0,17.9,49.5,19.4,20.3,19.8,0.0,0.0,0.0,0.0,0.0,0.0,0.0,0.0,0.0,0.0,0.0,0.0,0.0,0.0,0.0,0.0,0.0,0.0,0.0,1.0,0.0,0.0,50.0,22.0,Cluster 0,Cluster 0
2026-07-13 07:50:01.001000+00:00,49.1,18.2,48.9,20.1,20.6,20.5,0.0,0.0,0.0,0.0,0.0,0.0,0.0,0.0,0.0,0.0,0.0,0.0,0.0,0.0,0.0,0.0,0.0,0.0,0.0,1.0,0.0,0.0,50.0,22.0,Cluster 0,Cluster 1
2026-07-11 14:25:00.001000+00:00,52.3,18.9,49.9,19.6,20.6,19.8,0.0,0.0,0.0,0.0,0.0,0.0,0.0,0.0,0.0,0.0,0.0,0.0,0.0,0.0,0.0,0.0,0.0,0.0,0.0,1.0,0.0,0.0,50.0,22.0,Cluster 0,Cluster 0
2026-07-02 02:15:00.001000+00:00,52.8,20.7,49.7,20.8,21.3,20.3,0.0,0.0,0.0,0.0,0.0,0.0,0.0,0.0,0.0,0.0,0.0,0.0,0.0,0.0,0.0,0.0,0.0,0.0,0.0,1.0,0.0,0.0,50.0,22.0,Cluster 0,Cluster 1
2026-07-20 10:45:00.001000+00:00,51.5,18.6,49.7,19.9,20.5,19.9,0.0,0.0,0.0,0.0,0.0,0.0,0.0,0.0,0.0,0.0,0.0,0.0,0.0,0.0,0.0,0.0,0.0,0.0,0.0,1.0,0.0,0.0,50.0,22.0,Cluster 0,Cluster 0
2026-07-08 20:55:02.001000+00:00,53.4,19.6,50.0,19.9,20.8,19.7,0.0,0.0,0.0,0.0,0.0,0.0,0.0,0.0,0.0,0.0,0.0,0.0,0.0,0.0,0.0,0.0,0.0,0.0,0.0,1.0,0.0,0.0,50.0,22.0,Cluster 0,Cluster 0
2026-07-01 21:15:01.001000+00:00,53.3,20.4,49.9,20.7,21.3,20.2,0.0,0.0,0.0,0.0,0.0,0.0,0.0,0.0,0.0,0.0,0.0,0.0,0.0,0.0,0.0,0.0,0.0,0.0,0.0,1.0,0.0,0.0,50.0,22.0,Cluster 0,Cluster 1
2026-07-12 16:35:01.001000+00:00,50.2,19.0,47.9,20.5,21.1,20.3,0.0,0.0,0.0,0.0,0.0,0.0,0.0,0.0,0.0,0.0,0.0,0.0,0.0,0.0,0.0,0.0,0.0,0.0,0.0,1.0,0.0,0.0,50.0,22.0,Cluster 0,Cluster 1
2026-07-15 11:00:00.001000+00:00,48.7,19.2,46.6,20.5,21.1,20.4,0.0,0.0,0.0,0.0,0.0,0.0,0.0,0.0,0.0,0.0,0.0,0.0,0.0,0.0,0.0,0.0,0.0,0.0,0.0,1.0,0.0,0.0,50.0,22.0,Cluster 0,Cluster 1
2026-07-15 18:00:00.001000+00:00,50.5,20.5,46.7,21.0,21.5,20.2,0.0,0.0,0.0,0.0,0.0,0.0,0.0,0.0,0.0,0.0,0.0,0.0,0.0,0.0,0.0,0.0,0.0,0.0,0.0,1.0,0.0,0.0,50.0,22.0,Cluster 0,Cluster 1
2026-07-04 16:45:01.001000+00:00,52.4,20.0,48.7,20.5,21.2,20.0,0.0,0.0,0.0,0.0,0.0,0.0,0.0,0.0,0.0,0.0,0.0,0.0,0.0,0.0,0.0,0.0,0.0,0.0,0.0,1.0,0.0,0.0,50.0,22.0,Cluster 0,Cluster 1
2026-07-17 09:00:01.001000+00:00,49.0,18.7,47.9,20.3,20.9,20.5,0.0,0.0,0.0,0.0,0.0,0.0,0.0,0.0,0.0,0.0,0.0,0.0,0.0,0.0,0.0,0.0,0.0,0.0,0.0,1.0,0.0,0.0,50.0,22.0,Cluster 0,Cluster 1
2026-07-20 09:55:00.001000+00:00,51.5,18.4,50.0,19.8,20.4,19.9,0.0,0.0,0.0,0.0,0.0,0.0,0.0,0.0,0.0,0.0,0.0,0.0,0.0,0.0,0.0,0.0,0.0,0.0,0.0,1.0,0.0,0.0,50.0,22.0,Cluster 0,Cluster 0
2026-07-18 19:45:02.001000+00:00,55.4,20.0,51.8,20.4,21.1,20.0,0.0,0.0,0.0,0.0,0.0,0.0,0.0,0.0,0.0,0.0,0.0,0.0,0.0,0.0,0.0,0.0,0.0,0.0,0.0,1.0,0.0,0.0,50.0,22.0,Cluster 0,Cluster 0
2026-07-06 20:05:00.001000+00:00,53.8,19.6,50.4,19.9,20.8,19.7,0.0,0.0,0.0,0.0,0.0,0.0,0.0,0.0,0.0,0.0,0.0,0.0,0.0,0.0,0.0,0.0,0.0,0.0,0.0,1.0,0.0,0.0,50.0,22.0,Cluster 0,Cluster 0
2026-07-18 02:40:00.001000+00:00,52.5,21.1,47.8,21.2,21.6,20.0,0.0,0.0,0.0,0.0,0.0,0.0,0.0,0.0,0.0,0.0,0.0,0.0,0.0,0.0,0.0,0.0,0.0,0.0,0.0,1.0,0.0,0.0,50.0,22.0,Cluster 0,Cluster 1
2026-07-16 07:35:01.001000+00:00,48.5,18.1,48.3,20.1,20.6,20.5,0.0,0.0,0.0,0.0,0.0,0.0,0.0,0.0,0.0,0.0,0.0,0.0,0.0,0.0,0.0,0.0,0.0,0.0,0.0,1.0,0.0,0.0,50.0,22.0,Cluster 0,Cluster 1
2026-07-13 12:55:01.001000+00:00,49.3,19.7,46.7,20.6,21.3,20.4,0.0,0.0,0.0,0.0,0.0,0.0,0.0,0.0,0.0,0.0,0.0,0.0,0.0,0.0,0.0,0.0,0.0,0.0,0.0,1.0,0.0,0.0,50.0,22.0,Cluster 0,Cluster 1
2026-07-20 16:50:02.001000+00:00,49.4,19.7,48.6,20.3,21.1,20.8,0.0,0.0,0.0,0.0,0.0,0.0,0.0,0.0,0.0,0.0,0.0,0.0,0.0,0.0,0.0,0.0,0.0,0.0,0.0,1.0,0.0,0.0,50.0,22.0,Cluster 0,Cluster 1
2026-07-20 07:05:00.001000+00:00,52.5,17.5,51.9,19.7,20.1,19.9,0.0,0.0,0.0,0.0,0.0,0.0,0.0,0.0,0.0,0.0,0.0,0.0,0.0,0.0,0.0,0.0,0.0,0.0,0.0,1.0,0.0,0.0,50.0,22.0,Cluster 0,Cluster 0
2026-07-09 21:55:01.001000+00:00,53.7,19.6,50.0,19.9,20.8,19.6,0.0,0.0,0.0,0.0,0.0,0.0,0.0,0.0,0.0,0.0,0.0,0.0,0.0,0.0,0.0,0.0,0.0,0.0,0.0,1.0,0.0,0.0,50.0,22.0,Cluster 0,Cluster 0
2026-07-10 14:05:01.001000+00:00,53.1,18.8,50.1,19.6,20.5,19.5,0.0,0.0,0.0,0.0,0.0,0.0,0.0,0.0,0.0,0.0,0.0,0.0,0.0,0.0,0.0,0.0,0.0,0.0,0.0,1.0,0.0,0.0,50.0,22.0,Cluster 0,Cluster 0
2026-07-09 12:45:01.001000+00:00,51.9,18.7,49.4,19.5,20.6,19.8,0.0,0.0,0.0,0.0,0.0,0.0,0.0,0.0,0.0,0.0,0.0,0.0,0.0,0.0,0.0,0.0,0.0,0.0,0.0,1.0,0.0,0.0,50.0,22.0,Cluster 0,Cluster 0
2026-07-10 00:10:01.001000+00:00,53.7,19.7,50.0,19.9,20.8,19.6,0.0,0.0,0.0,0.0,0.0,0.0,0.0,0.0,0.0,0.0,0.0,0.0,0.0,0.0,0.0,0.0,0.0,0.0,0.0,1.0,0.0,0.0,50.0,22.0,Cluster 0,Cluster 0
2026-07-07 04:40:01.001000+00:00,52.7,16.7,52.8,19.4,19.7,19.7,0.0,0.0,0.0,0.0,0.0,0.0,0.0,0.0,0.0,0.0,0.0,0.0,0.0,0.0,0.0,0.0,0.0,0.0,0.0,1.0,0.0,0.0,50.0,22.0,Cluster 0,Cluster 0
2026-07-08 10:10:00.001000+00:00,52.0,18.4,49.4,19.6,20.5,19.7,0.0,0.0,0.0,0.0,0.0,0.0,0.0,0.0,0.0,0.0,0.0,0.0,0.0,0.0,0.0,0.0,0.0,0.0,0.0,1.0,0.0,0.0,50.0,22.0,Cluster 0,Cluster 0
2026-07-21 22:55:01.001000+00:00,53.0,20.3,49.9,20.5,21.2,20.2,0.0,0.0,0.0,0.0,0.0,0.0,0.0,0.0,0.0,0.0,0.0,0.0,0.0,0.0,0.0,0.0,0.0,0.0,0.0,1.0,0.0,0.0,50.0,22.0,Cluster 0,Cluster 1
2026-07-14 18:50:01.001000+00:00,50.0,20.6,46.8,21.0,21.6,20.5,0.0,0.0,0.0,0.0,0.0,0.0,0.0,0.0,0.0,0.0,0.0,0.0,0.0,0.0,0.0,0.0,0.0,0.0,0.0,1.0,0.0,0.0,50.0,22.0,Cluster 0,Cluster 1
2026-07-08 20:30:00.001000+00:00,53.6,19.6,50.1,19.9,20.8,19.7,0.0,0.0,0.0,0.0,0.0,0.0,0.0,0.0,0.0,0.0,0.0,0.0,0.0,0.0,0.0,0.0,0.0,0.0,0.0,1.0,0.0,0.0,50.0,22.0,Cluster 0,Cluster 0
2026-07-19 02:40:00.001000+00:00,52.9,20.4,49.8,20.6,21.1,20.1,0.0,0.0,0.0,0.0,0.0,0.0,0.0,0.0,0.0,0.0,0.0,0.0,0.0,0.0,0.0,0.0,0.0,0.0,0.0,1.0,0.0,0.0,50.0,22.0,Cluster 0,Cluster 1
2026-07-18 17:25:01.001000+00:00,53.0,19.9,49.9,20.4,21.1,20.1,0.0,0.0,0.0,0.0,0.0,0.0,0.0,0.0,0.0,0.0,0.0,0.0,0.0,0.0,0.0,0.0,0.0,0.0,0.0,1.0,0.0,0.0,50.0,22.0,Cluster 0,Cluster 1
2026-07-09 05:05:00.001000+00:00,52.6,16.7,52.7,19.1,19.6,19.6,0.0,0.0,0.0,0.0,0.0,0.0,0.0,0.0,0.0,0.0,0.0,0.0,0.0,0.0,0.0,0.0,0.0,0.0,0.0,1.0,0.0,0.0,50.0,22.0,Cluster 0,Cluster 0
2026-07-18 19:50:01.001000+00:00,55.4,20.1,51.9,20.4,21.1,20.0,0.0,0.0,0.0,0.0,0.0,0.0,0.0,0.0,0.0,0.0,0.0,0.0,0.0,0.0,0.0,0.0,0.0,0.0,0.0,1.0,0.0,0.0,50.0,22.0,Cluster 0,Cluster 0
2026-07-09 02:55:01.001000+00:00,53.9,19.8,49.8,20.0,20.8,19.5,0.0,0.0,0.0,0.0,0.0,0.0,0.0,0.0,0.0,0.0,0.0,0.0,0.0,0.0,0.0,0.0,0.0,0.0,0.0,1.0,0.0,0.0,50.0,22.0,Cluster 0,Cluster 0
2026-07-10 06:50:01.001000+00:00,51.4,17.4,50.5,19.3,19.9,19.6,0.0,0.0,0.0,0.0,0.0,0.0,0.0,0.0,0.0,0.0,0.0,0.0,0.0,0.0,0.0,0.0,0.0,0.0,0.0,1.0,0.0,0.0,50.0,22.0,Cluster 0,Cluster 0
2026-07-10 18:25:01.001000+00:00,52.5,19.3,49.4,19.7,20.6,19.6,0.0,0.0,0.0,0.0,0.0,0.0,0.0,0.0,0.0,0.0,0.0,0.0,0.0,0.0,0.0,0.0,0.0,0.0,0.0,1.0,0.0,0.0,50.0,22.0,Cluster 0,Cluster 0
2026-07-14 19:10:01.001000+00:00,51.0,20.7,47.7,21.1,21.6,20.5,0.0,0.0,0.0,0.0,0.0,0.0,0.0,0.0,0.0,0.0,0.0,0.0,0.0,0.0,0.0,0.0,0.0,0.0,0.0,1.0,0.0,0.0,50.0,22.0,Cluster 0,Cluster 1
2026-07-09 01:05:00.001000+00:00,53.1,19.8,49.4,20.0,20.8,19.6,0.0,0.0,0.0,0.0,0.0,0.0,0.0,0.0,0.0,0.0,0.0,0.0,0.0,0.0,0.0,0.0,0.0,0.0,0.0,1.0,0.0,0.0,50.0,22.0,Cluster 0,Cluster 0
2026-07-21 11:15:02.001000+00:00,51.1,18.7,49.9,19.9,20.5,20.1,0.0,0.0,0.0,0.0,0.0,0.0,0.0,0.0,0.0,0.0,0.0,0.0,0.0,0.0,0.0,0.0,0.0,0.0,0.0,1.0,0.0,0.0,50.0,22.0,Cluster 0,Cluster 0
2026-07-08 18:05:01.001000+00:00,53.3,19.4,49.9,19.9,20.8,19.7,0.0,0.0,0.0,0.0,0.0,0.0,0.0,0.0,0.0,0.0,0.0,0.0,0.0,0.0,0.0,0.0,0.0,0.0,0.0,1.0,0.0,0.0,50.0,22.0,Cluster 0,Cluster 0
2026-07-17 05:05:01.001000+00:00,48.8,17.0,50.1,19.9,20.1,20.5,0.0,0.0,0.0,0.0,0.0,0.0,0.0,0.0,0.0,0.0,0.0,0.0,0.0,0.0,0.0,0.0,0.0,0.0,0.0,1.0,0.0,0.0,50.0,22.0,Cluster 0,Cluster 0
2026-07-13 08:15:01.001000+00:00,48.1,18.4,47.6,20.1,20.7,20.5,0.0,0.0,0.0,0.0,0.0,0.0,0.0,0.0,0.0,0.0,0.0,0.0,0.0,0.0,0.0,0.0,0.0,0.0,0.0,1.0,0.0,0.0,50.0,22.0,Cluster 0,Cluster 1
2026-07-12 16:05:01.001000+00:00,50.4,18.9,47.8,20.5,21.1,20.2,0.0,0.0,0.0,0.0,0.0,0.0,0.0,0.0,0.0,0.0,0.0,0.0,0.0,0.0,0.0,0.0,0.0,0.0,0.0,1.0,0.0,0.0,50.0,22.0,Cluster 0,Cluster 1
2026-07-02 17:30:00.001000+00:00,52.2,20.1,48.3,20.6,21.2,19.9,0.0,0.0,0.0,0.0,0.0,0.0,0.0,0.0,0.0,0.0,0.0,0.0,0.0,0.0,0.0,0.0,0.0,0.0,0.0,1.0,0.0,0.0,50.0,22.0,Cluster 0,Cluster 1
2026-07-04 01:25:01.001000+00:00,53.1,20.6,49.7,20.8,21.3,20.2,0.0,0.0,0.0,0.0,0.0,0.0,0.0,0.0,0.0,0.0,0.0,0.0,0.0,0.0,0.0,0.0,0.0,0.0,0.0,1.0,0.0,0.0,50.0,22.0,Cluster 0,Cluster 1
2026-07-22 13:15:00.001000+00:00,52.1,19.1,50.3,20.1,20.8,20.2,0.0,0.0,0.0,0.0,0.0,0.0,0.0,0.0,0.0,0.0,0.0,0.0,0.0,0.0,0.0,0.0,0.0,0.0,0.0,1.0,0.0,0.0,50.0,22.0,Cluster 0,Cluster 0
2026-07-11 00:05:01.001000+00:00,53.3,19.6,49.9,19.8,20.7,19.6,0.0,0.0,0.0,0.0,0.0,0.0,0.0,0.0,0.0,0.0,0.0,0.0,0.0,0.0,0.0,0.0,0.0,0.0,0.0,1.0,0.0,0.0,50.0,22.0,Cluster 0,Cluster 0
2026-07-16 08:15:00.001000+00:00,48.5,18.4,47.7,20.2,20.7,20.4,0.0,0.0,0.0,0.0,0.0,0.0,0.0,0.0,0.0,0.0,0.0,0.0,0.0,0.0,0.0,0.0,0.0,0.0,0.0,1.0,0.0,0.0,50.0,22.0,Cluster 0,Cluster 1
2026-07-21 08:10:02.001000+00:00,51.7,17.9,50.8,19.8,20.2,19.9,0.0,0.0,0.0,0.0,0.0,0.0,0.0,0.0,0.0,0.0,0.0,0.0,0.0,0.0,0.0,0.0,0.0,0.0,0.0,1.0,0.0,0.0,50.0,22.0,Cluster 0,Cluster 0
2026-07-08 17:55:01.001000+00:00,53.3,19.4,49.9,19.8,20.8,19.7,0.0,0.0,0.0,0.0,0.0,0.0,0.0,0.0,0.0,0.0,0.0,0.0,0.0,0.0,0.0,0.0,0.0,0.0,0.0,1.0,0.0,0.0,50.0,22.0,Cluster 0,Cluster 0
2026-07-17 09:15:01.001000+00:00,48.5,18.8,47.7,20.3,21.0,20.6,0.0,0.0,0.0,0.0,0.0,0.0,0.0,0.0,0.0,0.0,0.0,0.0,0.0,0.0,0.0,0.0,0.0,0.0,0.0,1.0,0.0,0.0,50.0,22.0,Cluster 0,Cluster 1
2026-07-20 16:35:01.001000+00:00,49.2,19.7,48.7,20.3,21.1,20.9,0.0,0.0,0.0,0.0,0.0,0.0,0.0,0.0,0.0,0.0,0.0,0.0,0.0,0.0,0.0,0.0,0.0,0.0,0.0,1.0,0.0,0.0,50.0,22.0,Cluster 0,Cluster 1
2026-07-17 09:05:01.001000+00:00,48.6,18.7,47.8,20.3,20.9,20.6,0.0,0.0,0.0,0.0,0.0,0.0,0.0,0.0,0.0,0.0,0.0,0.0,0.0,0.0,0.0,0.0,0.0,0.0,0.0,1.0,0.0,0.0,50.0,22.0,Cluster 0,Cluster 1
2026-07-14 03:55:01.001000+00:00,48.6,16.3,48.5,20.1,20.6,20.5,0.0,0.0,0.0,0.0,0.0,0.0,0.0,0.0,0.0,0.0,0.0,0.0,0.0,0.0,0.0,0.0,0.0,0.0,0.0,1.0,0.0,0.0,50.0,22.0,Cluster 0,Cluster 0
2026-07-07 23:50:01.001000+00:00,54.1,19.8,50.0,20.0,20.9,19.6,0.0,0.0,0.0,0.0,0.0,0.0,0.0,0.0,0.0,0.0,0.0,0.0,0.0,0.0,0.0,0.0,0.0,0.0,0.0,1.0,0.0,0.0,50.0,22.0,Cluster 0,Cluster 0
2026-07-05 17:45:00.001000+00:00,53.2,19.4,49.8,19.9,20.8,19.7,0.0,0.0,0.0,0.0,0.0,0.0,0.0,0.0,0.0,0.0,0.0,0.0,0.0,0.0,0.0,0.0,0.0,0.0,0.0,1.0,0.0,0.0,50.0,22.0,Cluster 0,Cluster 0
2026-07-11 22:00:00.001000+00:00,53.4,19.6,50.0,19.8,20.7,19.6,0.0,0.0,0.0,0.0,0.0,0.0,0.0,0.0,0.0,0.0,0.0,0.0,0.0,0.0,0.0,0.0,0.0,0.0,0.0,1.0,0.0,0.0,50.0,22.0,Cluster 0,Cluster 0
2026-07-10 14:35:01.001000+00:00,53.1,18.9,50.0,19.6,20.5,19.5,0.0,0.0,0.0,0.0,0.0,0.0,0.0,0.0,0.0,0.0,0.0,0.0,0.0,0.0,0.0,0.0,0.0,0.0,0.0,1.0,0.0,0.0,50.0,22.0,Cluster 0,Cluster 0
2026-07-04 00:25:00.001000+00:00,53.1,20.6,49.7,20.7,21.3,20.2,0.0,0.0,0.0,0.0,0.0,0.0,0.0,0.0,0.0,0.0,0.0,0.0,0.0,0.0,0.0,0.0,0.0,0.0,0.0,1.0,0.0,0.0,50.0,22.0,Cluster 0,Cluster 1
2026-07-09 21:25:00.001000+00:00,53.7,19.6,50.0,19.8,20.8,19.6,0.0,0.0,0.0,0.0,0.0,0.0,0.0,0.0,0.0,0.0,0.0,0.0,0.0,0.0,0.0,0.0,0.0,0.0,0.0,1.0,0.0,0.0,50.0,22.0,Cluster 0,Cluster 0
2026-07-11 03:05:01.001000+00:00,53.3,19.7,49.9,19.9,20.7,19.6,0.0,0.0,0.0,0.0,0.0,0.0,0.0,0.0,0.0,0.0,0.0,0.0,0.0,0.0,0.0,0.0,0.0,0.0,0.0,1.0,0.0,0.0,50.0,22.0,Cluster 0,Cluster 0
2026-07-13 02:15:01.001000+00:00,49.7,20.6,46.8,21.0,21.5,20.5,0.0,0.0,0.0,0.0,0.0,0.0,0.0,0.0,0.0,0.0,0.0,0.0,0.0,0.0,0.0,0.0,0.0,0.0,0.0,1.0,0.0,0.0,50.0,22.0,Cluster 0,Cluster 1
2026-07-20 18:30:00.001000+00:00,50.0,20.0,47.7,20.4,21.2,20.4,0.0,0.0,0.0,0.0,0.0,0.0,0.0,0.0,0.0,0.0,0.0,0.0,0.0,0.0,0.0,0.0,0.0,0.0,0.0,1.0,0.0,0.0,50.0,22.0,Cluster 0,Cluster 1
2026-07-16 20:50:00.001000+00:00,52.3,20.8,48.6,21.1,21.6,20.4,0.0,0.0,0.0,0.0,0.0,0.0,0.0,0.0,0.0,0.0,0.0,0.0,0.0,0.0,0.0,0.0,0.0,0.0,0.0,1.0,0.0,0.0,50.0,22.0,Cluster 0,Cluster 1
2026-07-07 20:00:00.001000+00:00,53.8,19.6,50.0,19.9,20.9,19.7,0.0,0.0,0.0,0.0,0.0,0.0,0.0,0.0,0.0,0.0,0.0,0.0,0.0,0.0,0.0,0.0,0.0,0.0,0.0,1.0,0.0,0.0,50.0,22.0,Cluster 0,Cluster 0
2026-07-10 13:35:00.001000+00:00,53.0,18.8,49.9,19.6,20.5,19.5,0.0,0.0,0.0,0.0,0.0,0.0,0.0,0.0,0.0,0.0,0.0,0.0,0.0,0.0,0.0,0.0,0.0,0.0,0.0,1.0,0.0,0.0,50.0,22.0,Cluster 0,Cluster 0
2026-07-11 09:25:01.001000+00:00,51.1,18.1,49.0,19.3,20.2,19.6,0.0,0.0,0.0,0.0,0.0,0.0,0.0,0.0,0.0,0.0,0.0,0.0,0.0,0.0,0.0,0.0,0.0,0.0,0.0,1.0,0.0,0.0,50.0,22.0,Cluster 0,Cluster 0
2026-07-22 16:15:00.001000+00:00,52.1,19.6,49.7,20.3,21.0,20.2,0.0,0.0,0.0,0.0,0.0,0.0,0.0,0.0,0.0,0.0,0.0,0.0,0.0,0.0,0.0,0.0,0.0,0.0,0.0,1.0,0.0,0.0,50.0,22.0,Cluster 0,Cluster 1
2026-07-09 01:35:00.001000+00:00,54.0,19.8,49.9,20.0,20.8,19.6,0.0,0.0,0.0,0.0,0.0,0.0,0.0,0.0,0.0,0.0,0.0,0.0,0.0,0.0,0.0,0.0,0.0,0.0,0.0,1.0,0.0,0.0,50.0,22.0,Cluster 0,Cluster 0
2026-07-01 18:45:01.001000+00:00,51.7,20.2,48.7,20.6,21.3,20.2,0.0,0.0,0.0,0.0,0.0,0.0,0.0,0.0,0.0,0.0,0.0,0.0,0.0,0.0,0.0,0.0,0.0,0.0,0.0,1.0,0.0,0.0,50.0,22.0,Cluster 0,Cluster 1
2026-07-05 18:05:01.001000+00:00,53.4,19.5,50.0,19.9,20.8,19.7,0.0,0.0,0.0,0.0,0.0,0.0,0.0,0.0,0.0,0.0,0.0,0.0,0.0,0.0,0.0,0.0,0.0,0.0,0.0,1.0,0.0,0.0,50.0,22.0,Cluster 0,Cluster 0
2026-07-07 17:15:01.001000+00:00,54.8,19.4,50.0,19.9,20.8,19.3,0.0,0.0,0.0,0.0,0.0,0.0,0.0,0.0,0.0,0.0,0.0,0.0,0.0,0.0,0.0,0.0,0.0,0.0,0.0,1.0,0.0,0.0,50.0,22.0,Cluster 0,Cluster 0
2026-07-11 02:20:01.001000+00:00,53.7,19.7,50.0,19.9,20.7,19.5,0.0,0.0,0.0,0.0,0.0,0.0,0.0,0.0,0.0,0.0,0.0,0.0,0.0,0.0,0.0,0.0,0.0,0.0,0.0,1.0,0.0,0.0,50.0,22.0,Cluster 0,Cluster 0
2026-07-11 00:25:01.001000+00:00,52.8,19.7,49.4,19.9,20.7,19.6,0.0,0.0,0.0,0.0,0.0,0.0,0.0,0.0,0.0,0.0,0.0,0.0,0.0,0.0,0.0,0.0,0.0,0.0,0.0,1.0,0.0,0.0,50.0,22.0,Cluster 0,Cluster 0
2026-07-04 06:35:01.001000+00:00,51.0,17.7,51.4,19.9,20.2,20.3,0.0,0.0,0.0,0.0,0.0,0.0,0.0,0.0,0.0,0.0,0.0,0.0,0.0,0.0,0.0,0.0,0.0,0.0,0.0,1.0,0.0,0.0,50.0,22.0,Cluster 0,Cluster 0
2026-07-03 18:40:01.001000+00:00,51.7,20.2,48.7,20.6,21.2,20.2,0.0,0.0,0.0,0.0,0.0,0.0,0.0,0.0,0.0,0.0,0.0,0.0,0.0,0.0,0.0,0.0,0.0,0.0,0.0,1.0,0.0,0.0,50.0,22.0,Cluster 0,Cluster 1
2026-07-22 14:15:00.001000+00:00,52.7,19.3,50.6,20.1,20.9,20.2,0.0,0.0,0.0,0.0,0.0,0.0,0.0,0.0,0.0,0.0,0.0,0.0,0.0,0.0,0.0,0.0,0.0,0.0,0.0,1.0,0.0,0.0,50.0,22.0,Cluster 0,Cluster 0
2026-07-07 03:15:00.001000+00:00,53.8,19.9,50.0,20.0,20.9,19.7,0.0,0.0,0.0,0.0,0.0,0.0,0.0,0.0,0.0,0.0,0.0,0.0,0.0,0.0,0.0,0.0,0.0,0.0,0.0,1.0,0.0,0.0,50.0,22.0,Cluster 0,Cluster 0
2026-07-03 14:50:00.001000+00:00,52.0,19.7,48.7,20.4,21.1,20.0,0.0,0.0,0.0,0.0,0.0,0.0,0.0,0.0,0.0,0.0,0.0,0.0,0.0,0.0,0.0,0.0,0.0,0.0,0.0,1.0,0.0,0.0,50.0,22.0,Cluster 0,Cluster 1
2026-07-08 14:55:00.001000+00:00,53.1,19.1,50.0,19.7,20.7,19.7,0.0,0.0,0.0,0.0,0.0,0.0,0.0,0.0,0.0,0.0,0.0,0.0,0.0,0.0,0.0,0.0,0.0,0.0,0.0,1.0,0.0,0.0,50.0,22.0,Cluster 0,Cluster 0
2026-07-12 13:35:00.001000+00:00,50.1,18.1,48.7,20.4,20.8,20.3,0.0,0.0,0.0,0.0,0.0,0.0,0.0,0.0,0.0,0.0,0.0,0.0,0.0,0.0,0.0,0.0,0.0,0.0,0.0,1.0,0.0,0.0,50.0,22.0,Cluster 0,Cluster 1
2026-07-22 02:45:00.001000+00:00,53.2,20.5,49.8,20.6,21.2,20.1,0.0,0.0,0.0,0.0,0.0,0.0,0.0,0.0,0.0,0.0,0.0,0.0,0.0,0.0,0.0,0.0,0.0,0.0,0.0,1.0,0.0,0.0,50.0,22.0,Cluster 0,Cluster 1
2026-07-04 00:05:01.001000+00:00,53.7,20.5,50.0,20.7,21.3,20.1,0.0,0.0,0.0,0.0,0.0,0.0,0.0,0.0,0.0,0.0,0.0,0.0,0.0,0.0,0.0,0.0,0.0,0.0,0.0,1.0,0.0,0.0,50.0,22.0,Cluster 0,Cluster 1
2026-07-04 04:05:01.001000+00:00,51.7,16.6,52.8,19.9,20.1,20.3,0.0,0.0,0.0,0.0,0.0,0.0,0.0,0.0,0.0,0.0,0.0,0.0,0.0,0.0,0.0,0.0,0.0,0.0,0.0,1.0,0.0,0.0,50.0,22.0,Cluster 0,Cluster 0
2026-07-08 07:20:00.001000+00:00,51.1,17.6,50.0,19.4,20.1,19.7,0.0,0.0,0.0,0.0,0.0,0.0,0.0,0.0,0.0,0.0,0.0,0.0,0.0,0.0,0.0,0.0,0.0,0.0,0.0,1.0,0.0,0.0,50.0,22.0,Cluster 0,Cluster 0
2026-07-15 21:10:00.001000+00:00,52.3,20.8,48.7,21.1,21.6,20.4,0.0,0.0,0.0,0.0,0.0,0.0,0.0,0.0,0.0,0.0,0.0,0.0,0.0,0.0,0.0,0.0,0.0,0.0,0.0,1.0,0.0,0.0,50.0,22.0,Cluster 0,Cluster 1
2026-07-14 03:20:00.001000+00:00,48.9,21.2,45.8,21.3,21.6,20.5,0.0,0.0,0.0,0.0,0.0,0.0,0.0,0.0,0.0,0.0,0.0,0.0,0.0,0.0,0.0,0.0,0.0,0.0,0.0,1.0,0.0,0.0,50.0,22.0,Cluster 0,Cluster 1
2026-07-01 07:55:00.001000+00:00,50.2,18.2,49.9,20.0,20.5,20.4,0.0,0.0,0.0,0.0,0.0,0.0,0.0,0.0,0.0,0.0,0.0,0.0,0.0,0.0,0.0,0.0,0.0,0.0,0.0,1.0,0.0,0.0,50.0,22.0,Cluster 0,Cluster 0
2026-07-15 20:10:00.001000+00:00,51.1,20.7,47.9,21.1,21.5,20.4,0.0,0.0,0.0,0.0,0.0,0.0,0.0,0.0,0.0,0.0,0.0,0.0,0.0,0.0,0.0,0.0,0.0,0.0,0.0,1.0,0.0,0.0,50.0,22.0,Cluster 0,Cluster 1
2026-07-12 06:55:01.001000+00:00,51.1,16.1,48.1,20.3,20.7,19.7,0.0,9.7,36.0,10.5,10.0,1.0,1.0,1.0,1.0,0.0,0.0,0.0,0.0,0.0,0.0,0.0,0.0,0.0,0.0,1.0,0.0,40.0,50.0,22.0,Cluster 1,Cluster 0
2026-07-20 13:00:01.001000+00:00,49.2,19.0,49.3,20.0,20.7,20.7,0.0,0.0,0.0,0.0,0.0,0.0,0.0,0.0,0.0,0.0,0.0,0.0,0.0,0.0,0.0,0.0,0.0,0.0,0.0,1.0,0.0,0.0,50.0,22.0,Cluster 0,Cluster 1
2026-07-16 07:20:00.001000+00:00,49.0,18.0,48.8,20.1,20.5,20.4,0.0,0.0,0.0,0.0,0.0,0.0,0.0,0.0,0.0,0.0,0.0,0.0,0.0,0.0,0.0,0.0,0.0,0.0,0.0,1.0,0.0,0.0,50.0,22.0,Cluster 0,Cluster 1
2026-07-09 14:05:00.001000+00:00,53.5,18.9,50.4,19.6,20.6,19.6,0.0,0.0,0.0,0.0,0.0,0.0,0.0,0.0,0.0,0.0,0.0,0.0,0.0,0.0,0.0,0.0,0.0,0.0,0.0,1.0,0.0,0.0,50.0,22.0,Cluster 0,Cluster 0
2026-07-02 11:15:01.001000+00:00,49.6,19.2,47.9,20.2,20.9,20.3,0.0,0.0,0.0,0.0,0.0,0.0,0.0,0.0,0.0,0.0,0.0,0.0,0.0,0.0,0.0,0.0,0.0,0.0,0.0,1.0,0.0,0.0,50.0,22.0,Cluster 0,Cluster 1
2026-07-16 00:05:01.001000+00:00,52.5,21.0,48.8,21.2,21.6,20.4,0.0,0.0,0.0,0.0,0.0,0.0,0.0,0.0,0.0,0.0,0.0,0.0,0.0,0.0,0.0,0.0,0.0,0.0,0.0,1.0,0.0,0.0,50.0,22.0,Cluster 0,Cluster 1
2026-07-16 23:20:00.001000+00:00,52.1,21.0,48.8,21.2,21.6,20.5,0.0,0.0,0.0,0.0,0.0,0.0,0.0,0.0,0.0,0.0,0.0,0.0,0.0,0.0,0.0,0.0,0.0,0.0,0.0,1.0,0.0,0.0,50.0,22.0,Cluster 0,Cluster 1
2026-07-01 10:50:00.001000+00:00,50.2,19.0,48.8,20.2,20.9,20.4,0.0,0.0,0.0,0.0,0.0,0.0,0.0,0.0,0.0,0.0,0.0,0.0,0.0,0.0,0.0,0.0,0.0,0.0,0.0,1.0,0.0,0.0,50.0,22.0,Cluster 0,Cluster 1
2026-07-05 12:15:01.001000+00:00,51.8,18.8,49.0,19.8,20.6,19.7,0.0,0.0,0.0,0.0,0.0,0.0,0.0,0.0,0.0,0.0,0.0,0.0,0.0,0.0,0.0,0.0,0.0,0.0,0.0,1.0,0.0,0.0,50.0,22.0,Cluster 0,Cluster 0
2026-07-06 19:10:01.001000+00:00,53.4,19.5,50.0,19.9,20.8,19.7,0.0,0.0,0.0,0.0,0.0,0.0,0.0,0.0,0.0,0.0,0.0,0.0,0.0,0.0,0.0,0.0,0.0,0.0,0.0,1.0,0.0,0.0,50.0,22.0,Cluster 0,Cluster 0
2026-07-22 09:50:00.001000+00:00,52.3,18.4,50.8,19.9,20.6,20.1,0.0,0.0,0.0,0.0,0.0,0.0,0.0,0.0,0.0,0.0,0.0,0.0,0.0,0.0,0.0,0.0,0.0,0.0,0.0,1.0,0.0,0.0,50.0,22.0,Cluster 0,Cluster 0
2026-07-17 09:25:00.001000+00:00,48.1,18.8,46.8,20.3,20.9,20.5,0.0,0.0,0.0,0.0,0.0,0.0,0.0,0.0,0.0,0.0,0.0,0.0,0.0,0.0,0.0,0.0,0.0,0.0,0.0,1.0,0.0,0.0,50.0,22.0,Cluster 0,Cluster 1
2026-07-22 11:25:00.001000+00:00,51.6,18.8,49.8,20.0,20.7,20.1,0.0,0.0,0.0,0.0,0.0,0.0,0.0,0.0,0.0,0.0,0.0,0.0,0.0,0.0,0.0,0.0,0.0,0.0,0.0,1.0,0.0,0.0,50.0,22.0,Cluster 0,Cluster 0
2026-07-20 14:10:01.001000+00:00,49.2,19.3,49.6,20.0,20.8,20.9,0.0,0.0,0.0,0.0,0.0,0.0,0.0,0.0,0.0,0.0,0.0,0.0,0.0,0.0,0.0,0.0,0.0,0.0,0.0,1.0,0.0,0.0,50.0,22.0,Cluster 0,Cluster 1
2026-07-13 09:25:01.001000+00:00,48.7,18.7,47.6,20.2,20.9,20.5,0.0,0.0,0.0,0.0,0.0,0.0,0.0,0.0,0.0,0.0,0.0,0.0,0.0,0.0,0.0,0.0,0.0,0.0,0.0,1.0,0.0,0.0,50.0,22.0,Cluster 0,Cluster 1
2026-07-21 03:05:02.001000+00:00,52.8,20.6,48.8,20.7,21.2,19.9,0.0,0.0,0.0,0.0,0.0,0.0,0.0,0.0,0.0,0.0,0.0,0.0,0.0,0.0,0.0,0.0,0.0,0.0,0.0,1.0,0.0,0.0,50.0,22.0,Cluster 0,Cluster 1
2026-07-20 09:25:00.001000+00:00,52.7,18.2,50.9,19.8,20.4,19.8,0.0,0.0,0.0,0.0,0.0,0.0,0.0,0.0,0.0,0.0,0.0,0.0,0.0,0.0,0.0,0.0,0.0,0.0,0.0,1.0,0.0,0.0,50.0,22.0,Cluster 0,Cluster 0
2026-07-02 11:05:01.001000+00:00,50.5,19.1,48.7,20.2,20.9,20.3,0.0,0.0,0.0,0.0,0.0,0.0,0.0,0.0,0.0,0.0,0.0,0.0,0.0,0.0,0.0,0.0,0.0,0.0,0.0,1.0,0.0,0.0,50.0,22.0,Cluster 0,Cluster 1
2026-07-13 06:00:01.001000+00:00,48.4,17.4,49.4,19.9,20.2,20.5,0.0,0.0,0.0,0.0,0.0,0.0,0.0,0.0,0.0,0.0,0.0,0.0,0.0,0.0,0.0,0.0,0.0,0.0,0.0,1.0,0.0,0.0,50.0,22.0,Cluster 0,Cluster 0
2026-07-12 14:35:01.001000+00:00,50.3,18.4,48.3,20.4,20.9,20.2,0.0,0.0,0.0,0.0,0.0,0.0,0.0,0.0,0.0,0.0,0.0,0.0,0.0,0.0,0.0,0.0,0.0,0.0,0.0,1.0,0.0,0.0,50.0,22.0,Cluster 0,Cluster 1
2026-07-08 19:55:01.001000+00:00,53.4,19.6,50.0,19.9,20.8,19.7,0.0,0.0,0.0,0.0,0.0,0.0,0.0,0.0,0.0,0.0,0.0,0.0,0.0,0.0,0.0,0.0,0.0,0.0,0.0,1.0,0.0,0.0,50.0,22.0,Cluster 0,Cluster 0
2026-07-16 03:35:01.001000+00:00,48.8,21.2,45.7,21.3,21.6,20.5,1.0,0.0,0.0,0.0,0.0,0.0,0.0,0.0,0.0,0.0,0.0,0.0,0.0,0.0,0.0,0.0,0.0,0.0,0.0,1.0,0.0,0.0,50.0,22.0,Cluster 0,Cluster 1
2026-07-11 21:25:02.001000+00:00,53.4,19.5,50.0,19.8,20.7,19.6,0.0,0.0,0.0,0.0,0.0,0.0,0.0,0.0,0.0,0.0,0.0,0.0,0.0,0.0,0.0,0.0,0.0,0.0,0.0,1.0,0.0,0.0,50.0,22.0,Cluster 0,Cluster 0
2026-07-22 18:10:00.001000+00:00,52.5,19.9,49.7,20.3,21.1,20.2,0.0,0.0,0.0,0.0,0.0,0.0,0.0,0.0,0.0,0.0,0.0,0.0,0.0,0.0,0.0,0.0,0.0,0.0,0.0,1.0,0.0,0.0,50.0,22.0,Cluster 0,Cluster 1
2026-07-19 00:30:01.001000+00:00,55.2,20.3,51.7,20.5,21.1,20.0,0.0,0.0,0.0,0.0,0.0,0.0,0.0,0.0,0.0,0.0,0.0,0.0,0.0,0.0,0.0,0.0,0.0,0.0,0.0,1.0,0.0,0.0,50.0,22.0,Cluster 0,Cluster 0
2026-07-06 00:40:01.001000+00:00,52.7,19.8,49.0,20.0,20.9,19.7,0.0,0.0,0.0,0.0,0.0,0.0,0.0,0.0,0.0,0.0,0.0,0.0,0.0,0.0,0.0,0.0,0.0,0.0,0.0,1.0,0.0,0.0,50.0,22.0,Cluster 0,Cluster 0
2026-07-02 02:35:01.001000+00:00,52.9,20.7,49.8,20.8,21.3,20.3,0.0,0.0,0.0,0.0,0.0,0.0,0.0,0.0,0.0,0.0,0.0,0.0,0.0,0.0,0.0,0.0,0.0,0.0,0.0,1.0,0.0,0.0,50.0,22.0,Cluster 0,Cluster 1
2026-07-22 09:05:00.001000+00:00,52.2,18.2,50.7,19.9,20.4,19.9,0.0,0.0,0.0,0.0,0.0,0.0,0.0,0.0,0.0,0.0,0.0,0.0,0.0,0.0,0.0,0.0,0.0,0.0,0.0,1.0,0.0,0.0,50.0,22.0,Cluster 0,Cluster 0
2026-07-18 13:15:02.001000+00:00,52.9,19.3,50.7,20.1,20.9,20.2,0.0,0.0,0.0,0.0,0.0,0.0,0.0,0.0,0.0,0.0,0.0,0.0,0.0,0.0,0.0,0.0,0.0,0.0,0.0,1.0,0.0,0.0,50.0,22.0,Cluster 0,Cluster 0
2026-07-04 04:35:00.001000+00:00,51.4,16.8,52.8,19.9,19.9,20.3,0.0,0.0,0.0,0.0,0.0,0.0,0.0,0.0,0.0,0.0,0.0,0.0,0.0,0.0,0.0,0.0,0.0,0.0,0.0,1.0,0.0,0.0,50.0,22.0,Cluster 0,Cluster 0
2026-07-20 05:35:00.001000+00:00,51.1,17.0,51.5,19.6,19.8,19.9,0.0,0.0,0.0,0.0,0.0,0.0,0.0,0.0,0.0,0.0,0.0,0.0,0.0,0.0,0.0,0.0,0.0,0.0,0.0,1.0,0.0,0.0,50.0,22.0,Cluster 0,Cluster 0
2026-07-09 11:30:01.001000+00:00,51.8,18.5,49.4,19.5,20.5,19.7,0.0,0.0,0.0,0.0,0.0,0.0,0.0,0.0,0.0,0.0,0.0,0.0,0.0,0.0,0.0,0.0,0.0,0.0,0.0,1.0,0.0,0.0,50.0,22.0,Cluster 0,Cluster 0
2026-07-03 16:20:01.001000+00:00,52.4,19.9,48.7,20.5,21.2,20.0,0.0,0.0,0.0,0.0,0.0,0.0,0.0,0.0,0.0,0.0,0.0,0.0,0.0,0.0,0.0,0.0,0.0,0.0,0.0,1.0,0.0,0.0,50.0,22.0,Cluster 0,Cluster 1
2026-07-07 13:10:01.001000+00:00,53.1,18.9,50.0,19.7,20.6,19.6,0.0,0.0,0.0,0.0,0.0,0.0,0.0,0.0,0.0,0.0,0.0,0.0,0.0,0.0,0.0,0.0,0.0,0.0,0.0,1.0,0.0,0.0,50.0,22.0,Cluster 0,Cluster 0
2026-07-10 22:55:01.001000+00:00,53.4,19.6,50.0,19.8,20.7,19.6,0.0,0.0,0.0,0.0,0.0,0.0,0.0,0.0,0.0,0.0,0.0,0.0,0.0,0.0,0.0,0.0,0.0,0.0,0.0,1.0,0.0,0.0,50.0,22.0,Cluster 0,Cluster 0
2026-07-11 20:20:01.001000+00:00,53.1,19.5,50.0,19.8,20.7,19.7,0.0,0.0,0.0,0.0,0.0,0.0,0.0,0.0,0.0,0.0,0.0,0.0,0.0,0.0,0.0,0.0,0.0,0.0,0.0,1.0,0.0,0.0,50.0,22.0,Cluster 0,Cluster 0
2026-07-19 18:40:00.001000+00:00,54.5,19.8,51.3,20.2,21.0,20.0,0.0,0.0,0.0,0.0,0.0,0.0,0.0,0.0,0.0,0.0,0.0,0.0,0.0,0.0,0.0,0.0,0.0,0.0,0.0,1.0,0.0,0.0,50.0,22.0,Cluster 0,Cluster 0
2026-07-04 04:30:01.001000+00:00,51.7,16.8,52.8,19.9,20.0,20.3,0.0,0.0,0.0,0.0,0.0,0.0,0.0,0.0,0.0,0.0,0.0,0.0,0.0,0.0,0.0,0.0,0.0,0.0,0.0,1.0,0.0,0.0,50.0,22.0,Cluster 0,Cluster 0
2026-07-15 14:35:00.001000+00:00,50.5,20.0,47.3,20.8,21.4,20.3,0.0,0.0,0.0,0.0,0.0,0.0,0.0,0.0,0.0,0.0,0.0,0.0,0.0,0.0,0.0,0.0,0.0,0.0,0.0,1.0,0.0,0.0,50.0,22.0,Cluster 0,Cluster 1
2026-07-12 10:10:00.001000+00:00,49.0,16.5,49.1,20.3,20.4,20.4,0.0,0.0,0.0,0.0,0.0,0.0,0.0,0.0,0.0,0.0,0.0,0.0,0.0,0.0,0.0,0.0,0.0,0.0,0.0,1.0,0.0,0.0,50.0,22.0,Cluster 0,Cluster 0
2026-07-05 01:40:01.001000+00:00,53.9,20.6,48.9,20.8,21.3,19.7,0.0,0.0,0.0,0.0,0.0,0.0,0.0,0.0,0.0,0.0,0.0,0.0,0.0,0.0,0.0,0.0,0.0,0.0,0.0,1.0,0.0,0.0,50.0,22.0,Cluster 0,Cluster 1
2026-07-14 11:10:01.001000+00:00,48.3,19.3,46.6,20.5,21.1,20.5,0.0,0.0,0.0,0.0,0.0,0.0,0.0,0.0,0.0,0.0,0.0,0.0,0.0,0.0,0.0,0.0,0.0,0.0,0.0,1.0,0.0,0.0,50.0,22.0,Cluster 0,Cluster 1
2026-07-06 12:45:01.001000+00:00,52.2,18.8,49.5,19.6,20.6,19.7,0.0,0.0,0.0,0.0,0.0,0.0,0.0,0.0,0.0,0.0,0.0,0.0,0.0,0.0,0.0,0.0,0.0,0.0,0.0,1.0,0.0,0.0,50.0,22.0,Cluster 0,Cluster 0
2026-07-02 17:15:00.001000+00:00,52.4,20.0,48.6,20.5,21.2,20.0,0.0,0.0,0.0,0.0,0.0,0.0,0.0,0.0,0.0,0.0,0.0,0.0,0.0,0.0,0.0,0.0,0.0,0.0,0.0,1.0,0.0,0.0,50.0,22.0,Cluster 0,Cluster 1
2026-07-06 04:00:01.001000+00:00,52.6,16.5,52.0,19.5,19.9,19.7,0.0,0.0,0.0,0.0,0.0,0.0,0.0,0.0,0.0,0.0,0.0,0.0,0.0,0.0,0.0,0.0,0.0,0.0,0.0,1.0,0.0,0.0,50.0,22.0,Cluster 0,Cluster 0
2026-07-08 21:30:01.001000+00:00,53.4,19.7,50.0,20.0,20.8,19.7,0.0,0.0,0.0,0.0,0.0,0.0,0.0,0.0,0.0,0.0,0.0,0.0,0.0,0.0,0.0,0.0,0.0,0.0,0.0,1.0,0.0,0.0,50.0,22.0,Cluster 0,Cluster 0
2026-07-10 22:10:01.001000+00:00,53.4,19.5,50.0,19.8,20.7,19.6,0.0,0.0,0.0,0.0,0.0,0.0,0.0,0.0,0.0,0.0,0.0,0.0,0.0,0.0,0.0,0.0,0.0,0.0,0.0,1.0,0.0,0.0,50.0,22.0,Cluster 0,Cluster 0
2026-07-02 22:35:01.001000+00:00,53.7,20.5,50.3,20.7,21.3,20.3,0.0,0.0,0.0,0.0,0.0,0.0,0.0,0.0,0.0,0.0,0.0,0.0,0.0,0.0,0.0,0.0,0.0,0.0,0.0,1.0,0.0,0.0,50.0,22.0,Cluster 0,Cluster 1
2026-07-11 05:15:01.001000+00:00,52.6,16.8,52.7,19.2,19.6,19.6,0.0,0.0,0.0,0.0,0.0,0.0,0.0,0.0,0.0,0.0,0.0,0.0,0.0,0.0,0.0,0.0,0.0,0.0,0.0,1.0,0.0,0.0,50.0,22.0,Cluster 0,Cluster 0
2026-07-03 23:45:01.001000+00:00,53.1,20.5,50.0,20.7,21.2,20.2,0.0,0.0,0.0,0.0,0.0,0.0,0.0,0.0,0.0,0.0,0.0,0.0,0.0,0.0,0.0,0.0,0.0,0.0,0.0,1.0,0.0,0.0,50.0,22.0,Cluster 0,Cluster 1
2026-07-01 09:35:01.001000+00:00,50.2,18.7,49.0,20.2,20.8,20.4,0.0,0.0,0.0,0.0,0.0,0.0,0.0,0.0,0.0,0.0,0.0,0.0,0.0,0.0,0.0,0.0,0.0,0.0,0.0,1.0,0.0,0.0,50.0,22.0,Cluster 0,Cluster 1
2026-07-03 11:35:01.001000+00:00,49.3,19.2,47.9,20.2,20.9,20.4,0.0,0.0,0.0,0.0,0.0,0.0,0.0,0.0,0.0,0.0,0.0,0.0,0.0,0.0,0.0,0.0,0.0,0.0,0.0,1.0,0.0,0.0,50.0,22.0,Cluster 0,Cluster 1
2026-07-02 09:10:01.001000+00:00,49.8,18.6,48.9,20.1,20.7,20.4,0.0,0.0,0.0,0.0,0.0,0.0,0.0,0.0,0.0,0.0,0.0,0.0,0.0,0.0,0.0,0.0,0.0,0.0,0.0,1.0,0.0,0.0,50.0,22.0,Cluster 0,Cluster 1
2026-07-12 07:35:01.001000+00:00,52.1,16.1,49.1,20.2,20.6,19.6,0.0,9.5,36.0,10.3,10.0,1.0,1.0,1.0,1.0,0.0,0.0,0.0,0.0,0.0,0.0,0.0,0.0,0.0,0.0,1.0,0.0,40.0,50.0,22.0,Cluster 1,Cluster 0
2026-07-16 11:15:02.001000+00:00,49.3,19.3,47.3,20.5,21.1,20.4,0.0,0.0,0.0,0.0,0.0,0.0,0.0,0.0,0.0,0.0,0.0,0.0,0.0,0.0,0.0,0.0,0.0,0.0,0.0,1.0,0.0,0.0,50.0,22.0,Cluster 0,Cluster 1
2026-07-19 14:20:00.001000+00:00,53.5,19.3,51.0,20.1,20.8,20.0,0.0,0.0,0.0,0.0,0.0,0.0,0.0,0.0,0.0,0.0,0.0,0.0,0.0,0.0,0.0,0.0,0.0,0.0,0.0,1.0,0.0,0.0,50.0,22.0,Cluster 0,Cluster 0
2026-07-18 05:55:00.001000+00:00,52.1,17.3,52.5,19.7,20.0,20.1,0.0,0.0,0.0,0.0,0.0,0.0,0.0,0.0,0.0,0.0,0.0,0.0,0.0,0.0,0.0,0.0,0.0,0.0,0.0,1.0,0.0,0.0,50.0,22.0,Cluster 0,Cluster 0
